/*M!999999\- enable the sandbox mode */ 
-- MariaDB dump 10.19-12.2.2-MariaDB, for Linux (x86_64)
--
-- Host: localhost    Database: career_db
-- ------------------------------------------------------
-- Server version	12.2.2-MariaDB

/*!40101 SET @OLD_CHARACTER_SET_CLIENT=@@CHARACTER_SET_CLIENT */;
/*!40101 SET @OLD_CHARACTER_SET_RESULTS=@@CHARACTER_SET_RESULTS */;
/*!40101 SET @OLD_COLLATION_CONNECTION=@@COLLATION_CONNECTION */;
/*!40101 SET NAMES utf8mb4 */;
/*!40103 SET @OLD_TIME_ZONE=@@TIME_ZONE */;
/*!40103 SET TIME_ZONE='+00:00' */;
/*!40014 SET @OLD_UNIQUE_CHECKS=@@UNIQUE_CHECKS, UNIQUE_CHECKS=0 */;
/*!40014 SET @OLD_FOREIGN_KEY_CHECKS=@@FOREIGN_KEY_CHECKS, FOREIGN_KEY_CHECKS=0 */;
/*!40101 SET @OLD_SQL_MODE=@@SQL_MODE, SQL_MODE='NO_AUTO_VALUE_ON_ZERO' */;
/*M!100616 SET @OLD_NOTE_VERBOSITY=@@NOTE_VERBOSITY, NOTE_VERBOSITY=0 */;

--
-- Table structure for table `career_reports`
--

DROP TABLE IF EXISTS `career_reports`;
/*!40101 SET @saved_cs_client     = @@character_set_client */;
/*!40101 SET character_set_client = utf8mb4 */;
CREATE TABLE `career_reports` (
  `id` bigint(20) NOT NULL AUTO_INCREMENT,
  `student_id` bigint(20) NOT NULL,
  `target_job_id` bigint(20) DEFAULT NULL,
  `title` varchar(200) DEFAULT NULL,
  `content` text DEFAULT NULL,
  `overview` longtext CHARACTER SET utf8mb4 COLLATE utf8mb4_bin DEFAULT NULL CHECK (json_valid(`overview`)),
  `match_analysis` longtext CHARACTER SET utf8mb4 COLLATE utf8mb4_bin DEFAULT NULL CHECK (json_valid(`match_analysis`)),
  `career_path` longtext CHARACTER SET utf8mb4 COLLATE utf8mb4_bin DEFAULT NULL CHECK (json_valid(`career_path`)),
  `action_plan` longtext CHARACTER SET utf8mb4 COLLATE utf8mb4_bin DEFAULT NULL CHECK (json_valid(`action_plan`)),
  `status` varchar(20) DEFAULT 'draft',
  `created_at` bigint(20) NOT NULL,
  `updated_at` bigint(20) NOT NULL,
  PRIMARY KEY (`id`),
  KEY `idx_student` (`student_id`)
) ENGINE=InnoDB AUTO_INCREMENT=22 DEFAULT CHARSET=utf8mb4 COLLATE=utf8mb4_uca1400_ai_ci;
/*!40101 SET character_set_client = @saved_cs_client */;

--
-- Dumping data for table `career_reports`
--

SET @OLD_AUTOCOMMIT=@@AUTOCOMMIT, @@AUTOCOMMIT=0;
LOCK TABLES `career_reports` WRITE;
/*!40000 ALTER TABLE `career_reports` DISABLE KEYS */;
INSERT INTO `career_reports` VALUES
(1,10,NULL,'职业规划报告 - full','{\"skills\":[{\"name\":\"1919\",\"level\":80,\"status\":\"已掌握\"}],\"timeline\":[{\"date\":\"2024年Q3\",\"title\":\"学习基础技术栈\",\"desc\":\"掌握前端/后端基础，完成个人项目\"},{\"date\":\"2024年Q4\",\"title\":\"提升专业技能\",\"desc\":\"深入学习核心框架，参与开源项目\"},{\"date\":\"2025年Q1\",\"title\":\"准备实习面试\",\"desc\":\"刷题、完善简历，争取大厂实习机会\"},{\"date\":\"2025年Q2\",\"title\":\"积累实习经验\",\"desc\":\"在实际项目中应用所学知识\"},{\"date\":\"2025年Q3\",\"title\":\"秋招冲刺\",\"desc\":\"系统复习，准备校招面试\"}],\"completeness\":65,\"competitiveness\":58}',NULL,NULL,NULL,NULL,'completed',1774595433,1774595433),
(2,10,NULL,'职业规划报告 - gap','{\"skills\":[{\"name\":\"差距分析\",\"level\":30,\"status\":\"待学习\"}],\"timeline\":[{\"date\":\"立即行动\",\"title\":\"弥补差距\",\"desc\":\"识别并强化薄弱环节\"}],\"completeness\":40,\"competitiveness\":35}',NULL,NULL,NULL,NULL,'completed',1774595459,1774595459),
(3,10,NULL,'职业规划报告 - full','{\"skills\":[{\"name\":\"1919\",\"level\":80,\"status\":\"已掌握\"}],\"timeline\":[{\"date\":\"2024年Q3\",\"title\":\"学习基础技术栈\",\"desc\":\"掌握前端/后端基础，完成个人项目\"},{\"date\":\"2024年Q4\",\"title\":\"提升专业技能\",\"desc\":\"深入学习核心框架，参与开源项目\"},{\"date\":\"2025年Q1\",\"title\":\"准备实习面试\",\"desc\":\"刷题、完善简历，争取大厂实习机会\"},{\"date\":\"2025年Q2\",\"title\":\"积累实习经验\",\"desc\":\"在实际项目中应用所学知识\"},{\"date\":\"2025年Q3\",\"title\":\"秋招冲刺\",\"desc\":\"系统复习，准备校招面试\"}],\"completeness\":65,\"competitiveness\":58}',NULL,NULL,NULL,NULL,'completed',1774595465,1774595465),
(4,10,NULL,'职业规划报告 - full','{\"skills\":[{\"name\":\"1919\",\"level\":80,\"status\":\"已掌握\"}],\"timeline\":[{\"date\":\"2024年Q3\",\"title\":\"学习基础技术栈\",\"desc\":\"掌握前端/后端基础，完成个人项目\"},{\"date\":\"2024年Q4\",\"title\":\"提升专业技能\",\"desc\":\"深入学习核心框架，参与开源项目\"},{\"date\":\"2025年Q1\",\"title\":\"准备实习面试\",\"desc\":\"刷题、完善简历，争取大厂实习机会\"},{\"date\":\"2025年Q2\",\"title\":\"积累实习经验\",\"desc\":\"在实际项目中应用所学知识\"},{\"date\":\"2025年Q3\",\"title\":\"秋招冲刺\",\"desc\":\"系统复习，准备校招面试\"}],\"completeness\":65,\"competitiveness\":58}',NULL,NULL,NULL,NULL,'completed',1774596195,1774596195),
(5,10,NULL,'职业规划报告 - full','{\"skills\":[{\"name\":\"1919\",\"level\":80,\"status\":\"已掌握\"}],\"timeline\":[{\"date\":\"2024年Q3\",\"title\":\"学习基础技术栈\",\"desc\":\"掌握前端/后端基础，完成个人项目\"},{\"date\":\"2024年Q4\",\"title\":\"提升专业技能\",\"desc\":\"深入学习核心框架，参与开源项目\"},{\"date\":\"2025年Q1\",\"title\":\"准备实习面试\",\"desc\":\"刷题、完善简历，争取大厂实习机会\"},{\"date\":\"2025年Q2\",\"title\":\"积累实习经验\",\"desc\":\"在实际项目中应用所学知识\"},{\"date\":\"2025年Q3\",\"title\":\"秋招冲刺\",\"desc\":\"系统复习，准备校招面试\"}],\"completeness\":65,\"competitiveness\":58}',NULL,NULL,NULL,NULL,'completed',1774596226,1774596226),
(6,10,NULL,'职业规划报告 - full','{\"skills\":[{\"name\":\"1919\",\"level\":80,\"status\":\"已掌握\"}],\"timeline\":[{\"date\":\"2024年Q3\",\"title\":\"学习基础技术栈\",\"desc\":\"掌握前端/后端基础，完成个人项目\"},{\"date\":\"2024年Q4\",\"title\":\"提升专业技能\",\"desc\":\"深入学习核心框架，参与开源项目\"},{\"date\":\"2025年Q1\",\"title\":\"准备实习面试\",\"desc\":\"刷题、完善简历，争取大厂实习机会\"},{\"date\":\"2025年Q2\",\"title\":\"积累实习经验\",\"desc\":\"在实际项目中应用所学知识\"},{\"date\":\"2025年Q3\",\"title\":\"秋招冲刺\",\"desc\":\"系统复习，准备校招面试\"}],\"completeness\":65,\"competitiveness\":58}',NULL,NULL,NULL,NULL,'completed',1774596241,1774596241),
(7,10,NULL,'职业规划报告 - full','{\"skills\":[{\"name\":\"1919\",\"level\":80,\"status\":\"已掌握\"}],\"timeline\":[{\"date\":\"2024年Q3\",\"title\":\"学习基础技术栈\",\"desc\":\"掌握前端/后端基础，完成个人项目\"},{\"date\":\"2024年Q4\",\"title\":\"提升专业技能\",\"desc\":\"深入学习核心框架，参与开源项目\"},{\"date\":\"2025年Q1\",\"title\":\"准备实习面试\",\"desc\":\"刷题、完善简历，争取大厂实习机会\"},{\"date\":\"2025年Q2\",\"title\":\"积累实习经验\",\"desc\":\"在实际项目中应用所学知识\"},{\"date\":\"2025年Q3\",\"title\":\"秋招冲刺\",\"desc\":\"系统复习，准备校招面试\"}],\"completeness\":65,\"competitiveness\":58}',NULL,NULL,NULL,NULL,'completed',1774596264,1774596264),
(8,10,NULL,'职业规划报告 - full','{\"skills\":[{\"name\":\"1919\",\"level\":80,\"status\":\"已掌握\"}],\"timeline\":[{\"date\":\"2024年Q3\",\"title\":\"学习基础技术栈\",\"desc\":\"掌握前端/后端基础，完成个人项目\"},{\"date\":\"2024年Q4\",\"title\":\"提升专业技能\",\"desc\":\"深入学习核心框架，参与开源项目\"},{\"date\":\"2025年Q1\",\"title\":\"准备实习面试\",\"desc\":\"刷题、完善简历，争取大厂实习机会\"},{\"date\":\"2025年Q2\",\"title\":\"积累实习经验\",\"desc\":\"在实际项目中应用所学知识\"},{\"date\":\"2025年Q3\",\"title\":\"秋招冲刺\",\"desc\":\"系统复习，准备校招面试\"}],\"completeness\":65,\"competitiveness\":58}',NULL,NULL,NULL,NULL,'completed',1774596308,1774596308),
(9,10,NULL,'职业规划报告 - full','{\"skills\":[{\"name\":\"1919\",\"level\":80,\"status\":\"已掌握\"}],\"timeline\":[{\"date\":\"2024年Q3\",\"title\":\"学习基础技术栈\",\"desc\":\"掌握前端/后端基础，完成个人项目\"},{\"date\":\"2024年Q4\",\"title\":\"提升专业技能\",\"desc\":\"深入学习核心框架，参与开源项目\"},{\"date\":\"2025年Q1\",\"title\":\"准备实习面试\",\"desc\":\"刷题、完善简历，争取大厂实习机会\"},{\"date\":\"2025年Q2\",\"title\":\"积累实习经验\",\"desc\":\"在实际项目中应用所学知识\"},{\"date\":\"2025年Q3\",\"title\":\"秋招冲刺\",\"desc\":\"系统复习，准备校招面试\"}],\"completeness\":65,\"competitiveness\":58}',NULL,NULL,NULL,NULL,'completed',1774596322,1774596322),
(10,10,NULL,'职业规划报告 - full','{\"skills\":[{\"name\":\"1919\",\"level\":80,\"status\":\"已掌握\"}],\"timeline\":[{\"date\":\"2024年Q3\",\"title\":\"学习基础技术栈\",\"desc\":\"掌握前端/后端基础，完成个人项目\"},{\"date\":\"2024年Q4\",\"title\":\"提升专业技能\",\"desc\":\"深入学习核心框架，参与开源项目\"},{\"date\":\"2025年Q1\",\"title\":\"准备实习面试\",\"desc\":\"刷题、完善简历，争取大厂实习机会\"},{\"date\":\"2025年Q2\",\"title\":\"积累实习经验\",\"desc\":\"在实际项目中应用所学知识\"},{\"date\":\"2025年Q3\",\"title\":\"秋招冲刺\",\"desc\":\"系统复习，准备校招面试\"}],\"completeness\":65,\"competitiveness\":58}',NULL,NULL,NULL,NULL,'completed',1774596486,1774596486),
(11,10,NULL,'职业规划报告 - full','{\"skills\":[{\"name\":\"熟练掌握pr,ps技术\",\"level\":80,\"status\":\"已掌握\"},{\"name\":\"学校新闻台\",\"level\":80,\"status\":\"已掌握\"}],\"timeline\":[{\"date\":\"2024年Q3\",\"title\":\"学习基础技术栈\",\"desc\":\"掌握前端/后端基础，完成个人项目\"},{\"date\":\"2024年Q4\",\"title\":\"提升专业技能\",\"desc\":\"深入学习核心框架，参与开源项目\"},{\"date\":\"2025年Q1\",\"title\":\"准备实习面试\",\"desc\":\"刷题、完善简历，争取大厂实习机会\"},{\"date\":\"2025年Q2\",\"title\":\"积累实习经验\",\"desc\":\"在实际项目中应用所学知识\"},{\"date\":\"2025年Q3\",\"title\":\"秋招冲刺\",\"desc\":\"系统复习，准备校招面试\"}],\"completeness\":65,\"competitiveness\":58}',NULL,NULL,NULL,NULL,'completed',1774599881,1774599881),
(12,10,NULL,'职业规划报告 - full','{\"skills\":[{\"name\":\"熟练掌握pr,ps技术\",\"level\":80,\"status\":\"已掌握\"},{\"name\":\"学校新闻台\",\"level\":80,\"status\":\"已掌握\"}],\"timeline\":[{\"date\":\"2024年Q3\",\"title\":\"学习基础技术栈\",\"desc\":\"掌握前端/后端基础，完成个人项目\"},{\"date\":\"2024年Q4\",\"title\":\"提升专业技能\",\"desc\":\"深入学习核心框架，参与开源项目\"},{\"date\":\"2025年Q1\",\"title\":\"准备实习面试\",\"desc\":\"刷题、完善简历，争取大厂实习机会\"},{\"date\":\"2025年Q2\",\"title\":\"积累实习经验\",\"desc\":\"在实际项目中应用所学知识\"},{\"date\":\"2025年Q3\",\"title\":\"秋招冲刺\",\"desc\":\"系统复习，准备校招面试\"}],\"completeness\":65,\"competitiveness\":58}',NULL,NULL,NULL,NULL,'completed',1774599905,1774599905),
(13,10,NULL,'职业规划报告 - full','{\"skills\":[{\"name\":\"熟练掌握pr,ps技术\",\"level\":80,\"status\":\"已掌握\"},{\"name\":\"学校新闻台\",\"level\":80,\"status\":\"已掌握\"}],\"timeline\":[{\"date\":\"2024年Q3\",\"title\":\"学习基础技术栈\",\"desc\":\"掌握前端/后端基础，完成个人项目\"},{\"date\":\"2024年Q4\",\"title\":\"提升专业技能\",\"desc\":\"深入学习核心框架，参与开源项目\"},{\"date\":\"2025年Q1\",\"title\":\"准备实习面试\",\"desc\":\"刷题、完善简历，争取大厂实习机会\"},{\"date\":\"2025年Q2\",\"title\":\"积累实习经验\",\"desc\":\"在实际项目中应用所学知识\"},{\"date\":\"2025年Q3\",\"title\":\"秋招冲刺\",\"desc\":\"系统复习，准备校招面试\"}],\"completeness\":65,\"competitiveness\":58}',NULL,NULL,NULL,NULL,'completed',1774599914,1774599914),
(14,10,NULL,'职业规划报告 - full','{\"skills\":[{\"name\":\"熟练掌握pr,ps技术\",\"level\":80,\"status\":\"已掌握\"},{\"name\":\"学校新闻台\",\"level\":80,\"status\":\"已掌握\"}],\"timeline\":[{\"date\":\"2024年Q3\",\"title\":\"学习基础技术栈\",\"desc\":\"掌握前端/后端基础，完成个人项目\"},{\"date\":\"2024年Q4\",\"title\":\"提升专业技能\",\"desc\":\"深入学习核心框架，参与开源项目\"},{\"date\":\"2025年Q1\",\"title\":\"准备实习面试\",\"desc\":\"刷题、完善简历，争取大厂实习机会\"},{\"date\":\"2025年Q2\",\"title\":\"积累实习经验\",\"desc\":\"在实际项目中应用所学知识\"},{\"date\":\"2025年Q3\",\"title\":\"秋招冲刺\",\"desc\":\"系统复习，准备校招面试\"}],\"completeness\":65,\"competitiveness\":58}',NULL,NULL,NULL,NULL,'completed',1774599958,1774599958),
(15,10,NULL,'职业规划报告 - full','{\"skills\":[{\"name\":\"熟练掌握pr,ps技术\",\"level\":80,\"status\":\"已掌握\"},{\"name\":\"学校新闻台\",\"level\":80,\"status\":\"已掌握\"}],\"timeline\":[{\"date\":\"2024年Q3\",\"title\":\"学习基础技术栈\",\"desc\":\"掌握前端/后端基础，完成个人项目\"},{\"date\":\"2024年Q4\",\"title\":\"提升专业技能\",\"desc\":\"深入学习核心框架，参与开源项目\"},{\"date\":\"2025年Q1\",\"title\":\"准备实习面试\",\"desc\":\"刷题、完善简历，争取大厂实习机会\"},{\"date\":\"2025年Q2\",\"title\":\"积累实习经验\",\"desc\":\"在实际项目中应用所学知识\"},{\"date\":\"2025年Q3\",\"title\":\"秋招冲刺\",\"desc\":\"系统复习，准备校招面试\"}],\"completeness\":65,\"competitiveness\":58}',NULL,NULL,NULL,NULL,'completed',1774599983,1774599983),
(16,10,NULL,'职业规划报告 - full','{\"skills\":[{\"name\":\"视频剪辑（PR）\",\"level\":75,\"status\":\"已掌握\"},{\"name\":\"图像处理（PS）\",\"level\":70,\"status\":\"已掌握\"},{\"name\":\"新闻采编\",\"level\":65,\"status\":\"已掌握\"},{\"name\":\"新媒体运营\",\"level\":40,\"status\":\"学习中\"},{\"name\":\"数据分析\",\"level\":25,\"status\":\"待学习\"},{\"name\":\"内容策划\",\"level\":55,\"status\":\"已掌握\"},{\"name\":\"社交媒体管理\",\"level\":35,\"status\":\"学习中\"},{\"name\":\"数字营销\",\"level\":20,\"status\":\"待学习\"}],\"timeline\":[{\"date\":\"2024年6-8月\",\"title\":\"暑期媒体实习\",\"desc\":\"在主流媒体或新媒体公司完成专业实习，积累实战经验\"},{\"date\":\"2024年9-12月\",\"title\":\"技能深化学习\",\"desc\":\"系统学习数据分析工具和社交媒体运营策略，完成2-3个个人项目\"},{\"date\":\"2025年1-3月\",\"title\":\"毕业作品集准备\",\"desc\":\"整理实习作品、课程项目和校园媒体成果，制作专业作品集\"},{\"date\":\"2025年4-6月\",\"title\":\"求职冲刺阶段\",\"desc\":\"参加校园招聘，投递简历至媒体、互联网公司，准备面试\"},{\"date\":\"2025年7-9月\",\"title\":\"进入职场，完成从学生到职场人的转变\",\"desc\":\"入职适应期\"},{\"date\":\"2026年\",\"title\":\"专业能力提升\",\"desc\":\"在工作中积累经验，考取相关职业资格证书\"},{\"date\":\"2027-2028年\",\"title\":\"职业发展突破\",\"desc\":\"争取晋升机会或跳槽至更优质平台，建立行业人脉\"}],\"completeness\":45,\"competitiveness\":60}',NULL,NULL,NULL,NULL,'completed',1774600259,1774600259),
(17,10,NULL,'职业规划报告 - full','{\"skills\":[{\"name\":\"视频剪辑（PR）\",\"level\":65,\"status\":\"已掌握\"},{\"name\":\"图像处理（PS）\",\"level\":60,\"status\":\"已掌握\"},{\"name\":\"新闻采编\",\"level\":70,\"status\":\"已掌握\"},{\"name\":\"新媒体运营\",\"level\":40,\"status\":\"学习中\"},{\"name\":\"数据分析\",\"level\":25,\"status\":\"待学习\"},{\"name\":\"内容策划\",\"level\":55,\"status\":\"已掌握\"},{\"name\":\"跨平台传播\",\"level\":35,\"status\":\"学习中\"},{\"name\":\"英语能力\",\"level\":45,\"status\":\"学习中\"}],\"timeline\":[{\"date\":\"2024.06-2024.08\",\"title\":\"暑期实习\",\"desc\":\"在媒体机构或互联网公司完成第一份专业实习，积累实战经验\"},{\"date\":\"2024.09-2024.12\",\"title\":\"技能提升\",\"desc\":\"系统学习数据分析工具（如Excel、Python基础）和新媒体运营策略\"},{\"date\":\"2025.01-2025.03\",\"title\":\"毕业设计\",\"desc\":\"完成高质量新闻作品集，包含文字、视频、多媒体报道\"},{\"date\":\"2025.04-2025.06\",\"title\":\"求职准备\",\"desc\":\"完善简历、作品集，参加校园招聘，获取2-3个offer\"},{\"date\":\"2025.07\",\"title\":\"正式入职\",\"desc\":\"进入媒体、互联网或企业宣传部门，开始职业生涯\"},{\"date\":\"2025.08-2026.07\",\"title\":\"能力拓展\",\"desc\":\"在职期间学习项目管理、行业分析，争取独立负责项目\"},{\"date\":\"2026.08-2027.07\",\"title\":\"职业晋升\",\"desc\":\"成为团队骨干，探索内容创作、运营管理或专业记者方向\"}],\"completeness\":42,\"competitiveness\":58}',NULL,NULL,NULL,NULL,'completed',1774600984,1774600984),
(18,10,NULL,'职业规划报告 - full','{\"skills\":[{\"name\":\"视频剪辑(PR)\",\"level\":75,\"status\":\"已掌握\"},{\"name\":\"图像处理(PS)\",\"level\":70,\"status\":\"已掌握\"},{\"name\":\"新闻采编\",\"level\":65,\"status\":\"已掌握\"},{\"name\":\"新媒体运营\",\"level\":40,\"status\":\"学习中\"},{\"name\":\"数据分析\",\"level\":25,\"status\":\"待学习\"},{\"name\":\"内容策划\",\"level\":50,\"status\":\"学习中\"},{\"name\":\"传播学理论\",\"level\":80,\"status\":\"已掌握\"},{\"name\":\"英语能力\",\"level\":45,\"status\":\"待学习\"}],\"timeline\":[{\"date\":\"2024年6-8月\",\"title\":\"暑期实习\",\"desc\":\"在媒体机构或互联网公司完成第一份专业实习，积累实践经验\"},{\"date\":\"2024年9-12月\",\"title\":\"技能提升\",\"desc\":\"系统学习数据分析工具和短视频制作，完善作品集\"},{\"date\":\"2025年1-3月\",\"title\":\"求职准备\",\"desc\":\"参加校园招聘，准备简历和面试，确定就业方向\"},{\"date\":\"2025年6月\",\"title\":\"毕业入职\",\"desc\":\"正式进入媒体、互联网或企业宣传部门工作\"},{\"date\":\"2026年\",\"title\":\"专业深化\",\"desc\":\"在工作岗位上积累1年经验，明确专业发展方向\"},{\"date\":\"2027年\",\"title\":\"能力拓展\",\"desc\":\"学习项目管理或团队管理技能，争取晋升机会\"},{\"date\":\"2028年\",\"title\":\"职业定位\",\"desc\":\"成为资深内容创作者、新媒体运营专家或媒体策划主管\"}],\"completeness\":55,\"competitiveness\":60}',NULL,NULL,NULL,NULL,'completed',1774600992,1774600992),
(19,10,NULL,'职业规划报告 - full','{\"skills\":[{\"name\":\"Golang开发\",\"level\":75,\"status\":\"已掌握\"},{\"name\":\"微服务架构\",\"level\":80,\"status\":\"已掌握\"},{\"name\":\"云原生技术栈\",\"level\":70,\"status\":\"已掌握\"},{\"name\":\"容器化与编排\",\"level\":65,\"status\":\"已掌握\"},{\"name\":\"Rust开发\",\"level\":50,\"status\":\"学习中\"},{\"name\":\"全栈开发\",\"level\":60,\"status\":\"学习中\"},{\"name\":\"系统设计\",\"level\":40,\"status\":\"待学习\"},{\"name\":\"分布式系统\",\"level\":35,\"status\":\"待学习\"}],\"timeline\":[{\"date\":\"2024年6月\",\"title\":\"暑期实习准备\",\"desc\":\"完善项目经历，准备面试，目标进入一线互联网公司后端开发岗位\"},{\"date\":\"2024年9月\",\"title\":\"秋招冲刺\",\"desc\":\"参加校园招聘，重点投递云计算、微服务相关岗位，争取获得2-3个offer\"},{\"date\":\"2025年6月\",\"title\":\"毕业入职\",\"desc\":\"正式入职心仪公司，开始职业生涯，专注于后端开发或云原生方向\"},{\"date\":\"2026年\",\"title\":\"技术深化\",\"desc\":\"在工作中积累大型项目经验，深入学习分布式系统和高并发处理\"},{\"date\":\"2027年\",\"title\":\"架构师成长\",\"desc\":\"参与系统架构设计，考取云原生相关高级认证，向技术专家方向发展\"},{\"date\":\"2028年\",\"title\":\"技术管理探索\",\"desc\":\"带领小型技术团队，培养技术领导力，或深耕成为领域专家\"}],\"completeness\":65,\"competitiveness\":72}',NULL,NULL,NULL,NULL,'completed',1774604211,1774604211),
(20,10,NULL,'职业规划报告 - full','{\"skills\":[{\"name\":\"Golang开发\",\"level\":75,\"status\":\"已掌握\"},{\"name\":\"微服务架构\",\"level\":80,\"status\":\"已掌握\"},{\"name\":\"云原生技术\",\"level\":70,\"status\":\"已掌握\"},{\"name\":\"容器化部署\",\"level\":65,\"status\":\"已掌握\"},{\"name\":\"Rust开发\",\"level\":50,\"status\":\"学习中\"},{\"name\":\"全栈开发\",\"level\":60,\"status\":\"学习中\"},{\"name\":\"系统设计\",\"level\":40,\"status\":\"待学习\"},{\"name\":\"分布式系统\",\"level\":45,\"status\":\"待学习\"}],\"timeline\":[{\"date\":\"2024年6月\",\"title\":\"毕业设计完成\",\"desc\":\"完成计算机专业毕业设计，巩固专业知识\"},{\"date\":\"2024年9月\",\"title\":\"秋招求职季\",\"desc\":\"参加校园招聘，目标Golang/后端开发岗位\"},{\"date\":\"2025年6月\",\"title\":\"正式入职\",\"desc\":\"获得理想工作机会，开始职业生涯\"},{\"date\":\"2026年6月\",\"title\":\"技术深化\",\"desc\":\"在工作中积累项目经验，提升系统设计能力\"},{\"date\":\"2027年6月\",\"title\":\"中级工程师晋升\",\"desc\":\"争取晋升为中级软件工程师\"},{\"date\":\"2028年6月\",\"title\":\"技术专家方向\",\"desc\":\"向技术专家或架构师方向发展\"},{\"date\":\"2029年6月\",\"title\":\"团队管理或高级架构\",\"desc\":\"根据兴趣选择技术管理或高级架构师路径\"}],\"completeness\":65,\"competitiveness\":72}',NULL,NULL,NULL,NULL,'completed',1774614876,1774614876),
(21,10,NULL,'职业规划报告 - full','{\"skills\":[{\"name\":\"Golang后端开发\",\"level\":85,\"status\":\"已掌握\"},{\"name\":\"微服务架构设计\",\"level\":70,\"status\":\"已掌握\"},{\"name\":\"云原生技术栈\",\"level\":65,\"status\":\"学习中\"},{\"name\":\"分布式系统设计\",\"level\":60,\"status\":\"学习中\"},{\"name\":\"系统性能优化\",\"level\":55,\"status\":\"待学习\"},{\"name\":\"容器化与编排\",\"level\":75,\"status\":\"已掌握\"},{\"name\":\"监控与可观测性\",\"level\":60,\"status\":\"学习中\"},{\"name\":\"系统架构设计\",\"level\":50,\"status\":\"待学习\"}],\"timeline\":[{\"date\":\"2024-2025学年\",\"title\":\"技术基础巩固期\",\"desc\":\"深入学习Golang高级特性，完善微服务架构知识体系，参与开源项目贡献，准备英语六级和专业竞赛\"},{\"date\":\"2025年暑期\",\"title\":\"第一份技术实习\",\"desc\":\"争取进入互联网公司后端开发岗位实习，积累实际工程经验，学习企业级开发流程和团队协作\"},{\"date\":\"2025-2026学年\",\"title\":\"技术深度拓展期\",\"desc\":\"深入研究分布式系统原理，学习Kubernetes等容器编排技术，参与更复杂的项目开发，准备校招\"},{\"date\":\"2026年秋季\",\"title\":\"校园招聘季\",\"desc\":\"参加互联网大厂校招，目标岗位：后端开发工程师/云原生开发工程师，重点展示项目经验和架构设计能力\"},{\"date\":\"2027年\",\"title\":\"毕业设计深化\",\"desc\":\"基于云原生技术完成高质量的毕业设计项目，发表技术博客或参与技术社区分享\"},{\"date\":\"2028年毕业\",\"title\":\"职业起点\",\"desc\":\"入职目标企业，开始职业生涯，初期目标：成为合格的初级后端工程师，1-2年内晋升中级\"},{\"date\":\"2028-2030年\",\"title\":\"职业成长期\",\"desc\":\"在工作中深入掌握大规模系统架构设计，积累高并发处理经验，向高级工程师/架构师方向发展\"}],\"completeness\":68,\"competitiveness\":72}',NULL,NULL,NULL,NULL,'completed',1775749874,1775749874);
/*!40000 ALTER TABLE `career_reports` ENABLE KEYS */;
UNLOCK TABLES;
COMMIT;
SET AUTOCOMMIT=@OLD_AUTOCOMMIT;

--
-- Table structure for table `holland_test_results`
--

DROP TABLE IF EXISTS `holland_test_results`;
/*!40101 SET @saved_cs_client     = @@character_set_client */;
/*!40101 SET character_set_client = utf8mb4 */;
CREATE TABLE `holland_test_results` (
  `id` bigint(20) NOT NULL AUTO_INCREMENT,
  `student_id` bigint(20) NOT NULL,
  `career_code` varchar(10) NOT NULL COMMENT '职业代码，如RIA、SEC',
  `scores` longtext CHARACTER SET utf8mb4 COLLATE utf8mb4_bin NOT NULL COMMENT '各类型得分，如{"R":4,"I":3,"A":2,"S":1,"E":1,"C":0}' CHECK (json_valid(`scores`)),
  `suitable_jobs` longtext CHARACTER SET utf8mb4 COLLATE utf8mb4_bin NOT NULL COMMENT '推荐职业列表' CHECK (json_valid(`suitable_jobs`)),
  `description` text DEFAULT NULL COMMENT '测试结果描述',
  `created_at` bigint(20) NOT NULL,
  PRIMARY KEY (`id`),
  KEY `idx_student_id` (`student_id`),
  KEY `idx_career_code` (`career_code`)
) ENGINE=InnoDB AUTO_INCREMENT=6 DEFAULT CHARSET=utf8mb4 COLLATE=utf8mb4_uca1400_ai_ci;
/*!40101 SET character_set_client = @saved_cs_client */;

--
-- Dumping data for table `holland_test_results`
--

SET @OLD_AUTOCOMMIT=@@AUTOCOMMIT, @@AUTOCOMMIT=0;
LOCK TABLES `holland_test_results` WRITE;
/*!40000 ALTER TABLE `holland_test_results` DISABLE KEYS */;
INSERT INTO `holland_test_results` VALUES
(1,2,'RCA','{\"A\":3,\"C\":4,\"E\":1,\"R\":9,\"S\":1}','[\"建筑师\",\"编辑\",\"技术员\",\"秘书\",\"设计师\",\"音乐家\",\"技工\",\"程序员\",\"艺术家\",\"会计\",\"行政\",\"银行家\",\"数据分析\",\"作家\",\"工程师\"]','您的职业兴趣组合为RCA，主要特征包括实际型 (Realistic)、常规型 (Conventional)、艺术型 (Artistic)。您适合从事作家、艺术家、工程师、技术员、建筑师、会计、行政、银行家、技工、编辑、音乐家、秘书、设计师、程序员、数据分析等职业方向。',1774669971),
(2,2,'IE','{\"E\":9,\"I\":9}','[\"律师\",\"管理者\",\"政治家\",\"科学家\",\"研究员\",\"数据分析师\",\"教授\",\"医生\",\"创业者\",\"销售经理\"]','您的职业兴趣组合为IE，主要特征包括研究型 (Investigative)、企业型 (Enterprising)。您适合从事数据分析师、教授、医生、管理者、销售经理、研究员、创业者、律师、政治家、科学家等职业方向。',1774670314),
(3,2,'RSA','{\"A\":4,\"R\":9,\"S\":5}','[\"技工\",\"程序员\",\"教师\",\"作家\",\"技术员\",\"建筑师\",\"心理咨询师\",\"社工\",\"编辑\",\"音乐家\",\"销售\",\"设计师\",\"艺术家\",\"工程师\",\"人力资源\"]','您的职业兴趣组合为RSA，主要特征包括实际型 (Realistic)、社会型 (Social)、艺术型 (Artistic)。您适合从事编辑、程序员、销售、设计师、建筑师、技术员、技工、心理咨询师、社工、作家、工程师、教师、人力资源、艺术家、音乐家等职业方向。',1774670795),
(4,2,'RSA','{\"A\":4,\"R\":9,\"S\":5}','[\"社工\",\"艺术家\",\"技术员\",\"教师\",\"人力资源\",\"设计师\",\"编辑\",\"建筑师\",\"作家\",\"音乐家\",\"程序员\",\"工程师\",\"技工\",\"心理咨询师\",\"销售\"]','您的职业兴趣组合为RSA，主要特征包括实际型 (Realistic)、社会型 (Social)、艺术型 (Artistic)。您适合从事音乐家、销售、社工、编辑、技工、心理咨询师、技术员、程序员、教师、工程师、建筑师、人力资源、设计师、作家、艺术家等职业方向。',1775742505),
(5,2,'RSA','{\"A\":4,\"R\":9,\"S\":5}','[\"技工\",\"心理咨询师\",\"人力资源\",\"设计师\",\"技术员\",\"建筑师\",\"教师\",\"作家\",\"艺术家\",\"音乐家\",\"工程师\",\"编辑\",\"程序员\",\"销售\",\"社工\"]','您的职业兴趣组合为RSA，主要特征包括实际型 (Realistic)、社会型 (Social)、艺术型 (Artistic)。您适合从事编辑、工程师、技术员、技工、程序员、社工、设计师、音乐家、人力资源、销售、作家、艺术家、教师、心理咨询师、建筑师等职业方向。',1775749398);
/*!40000 ALTER TABLE `holland_test_results` ENABLE KEYS */;
UNLOCK TABLES;
COMMIT;
SET AUTOCOMMIT=@OLD_AUTOCOMMIT;

--
-- Table structure for table `interview_messages`
--

DROP TABLE IF EXISTS `interview_messages`;
/*!40101 SET @saved_cs_client     = @@character_set_client */;
/*!40101 SET character_set_client = utf8mb4 */;
CREATE TABLE `interview_messages` (
  `id` bigint(20) NOT NULL AUTO_INCREMENT COMMENT '消息ID',
  `session_id` bigint(20) NOT NULL COMMENT '会话ID，关联interview_sessions表',
  `role` varchar(20) NOT NULL COMMENT '角色：user-用户, assistant-AI面试官',
  `content` text NOT NULL COMMENT '消息内容',
  `question_type` varchar(50) DEFAULT NULL COMMENT '问题类型：self_intro-自我介绍, project-项目经验, technical-技术问题, hr-人事问题',
  `score` decimal(5,2) DEFAULT NULL COMMENT '评分（仅AI回复时有效）',
  `feedback` text DEFAULT NULL COMMENT '反馈内容（仅AI回复时有效）',
  `created_at` bigint(20) NOT NULL COMMENT '创建时间',
  PRIMARY KEY (`id`),
  KEY `idx_session` (`session_id`),
  KEY `idx_role` (`role`),
  KEY `idx_created` (`created_at`),
  KEY `idx_session_created` (`session_id`,`created_at`),
  CONSTRAINT `fk_interview_message_session` FOREIGN KEY (`session_id`) REFERENCES `interview_sessions` (`id`) ON DELETE CASCADE
) ENGINE=InnoDB AUTO_INCREMENT=59 DEFAULT CHARSET=utf8mb4 COLLATE=utf8mb4_uca1400_ai_ci COMMENT='面试对话记录表';
/*!40101 SET character_set_client = @saved_cs_client */;

--
-- Dumping data for table `interview_messages`
--

SET @OLD_AUTOCOMMIT=@@AUTOCOMMIT, @@AUTOCOMMIT=0;
LOCK TABLES `interview_messages` WRITE;
/*!40000 ALTER TABLE `interview_messages` DISABLE KEYS */;
INSERT INTO `interview_messages` VALUES
(1,1,'user','11-',NULL,NULL,NULL,1775743384),
(2,1,'assistant','{\n  \"question\": \"请做一个简短的自我介绍，包括你的技术背景、主要技能和职业目标。\",\n  \"score\": 0,\n  \"feedback\": \"用户仅提供了数字\'11\'，无法评估任何能力。请提供完整的自我介绍，以便开始面试评估。\",\n  \"questionType\": \"self_intro\",\n  \"sessionEnd\": false\n}','self_intro',0.00,'用户仅提供了数字\'11\'，无法评估任何能力。请提供完整的自我介绍，以便开始面试评估。',1775743387),
(3,1,'user','11-',NULL,NULL,NULL,1775743399),
(4,1,'assistant','{\n  \"question\": \"请做一个简短的自我介绍，包括你的技术背景、主要技能和职业目标。\",\n  \"score\": 0,\n  \"feedback\": \"用户再次提供了不完整的回答\'11\'，这不符合面试的基本要求。请认真对待面试，提供有意义的回答，否则无法进行评估。\",\n  \"questionType\": \"self_intro\",\n  \"sessionEnd\": false\n}','self_intro',0.00,'用户再次提供了不完整的回答\'11\'，这不符合面试的基本要求。请认真对待面试，提供有意义的回答，否则无法进行评估。',1775743402),
(5,1,'user','你好我是xxx学校毕业的现在想要面试贵公司的golang后端开发岗位',NULL,NULL,NULL,1775743462),
(6,1,'assistant','{\n  \"question\": \"很好，欢迎你申请Golang后端开发岗位。请详细介绍一下你的技术栈，特别是与Golang相关的技能和经验，包括你熟悉的框架、工具和项目经历。\",\n  \"score\": 40,\n  \"feedback\": \"用户提供了基本的背景信息（学校和求职意向），但回答过于简短，缺乏技术细节。在自我介绍中，应更详细地说明技术背景、技能和项目经验，以展示能力。建议补充Golang的具体技能、相关框架（如Gin、Echo）和实际应用场景。\",\n  \"questionType\": \"technical\",\n  \"sessionEnd\": false\n}','technical',40.00,'用户提供了基本的背景信息（学校和求职意向），但回答过于简短，缺乏技术细节。在自我介绍中，应更详细地说明技术背景、技能和项目经验，以展示能力。建议补充Golang的具体技能、相关框架（如Gin、Echo）和实际应用场景。',1775743466),
(7,1,'user','test',NULL,NULL,NULL,1775743697),
(8,1,'assistant','{\n  \"question\": \"请详细描述一个你使用Golang开发的具体项目，包括项目背景、你的角色、技术选型、遇到的挑战以及如何解决的。\",\n  \"score\": 0,\n  \"feedback\": \"用户回答\'test\'，这完全不符合面试要求，无法评估任何能力。请提供有意义的回答，否则面试将无法继续。\",\n  \"questionType\": \"project\",\n  \"sessionEnd\": false\n}','project',0.00,'用户回答\'test\'，这完全不符合面试要求，无法评估任何能力。请提供有意义的回答，否则面试将无法继续。',1775743700),
(9,2,'user','test',NULL,NULL,NULL,1775743967),
(10,2,'assistant','{\n  \"question\": \"请先做一个简短的自我介绍，包括你的技术背景和主要工作经验。\",\n  \"score\": 0,\n  \"feedback\": \"由于这是练习的开始，我还没有听到你的回答，所以暂时没有评分。请开始你的自我介绍，我会根据你的回答提供反馈和建议。\",\n  \"questionType\": \"self_intro\",\n  \"sessionEnd\": false\n}','self_intro',0.00,'由于这是练习的开始，我还没有听到你的回答，所以暂时没有评分。请开始你的自我介绍，我会根据你的回答提供反馈和建议。',1775743970),
(11,2,'user','您好，我叫张明，有3年Golang后端开发经验。 技术栈上，我熟悉 Go 原生并发模型、gin/gRPC 框架、MySQL/PostgreSQL 以及 Redis 缓存。 上一份工作我主要负责公司订单中台的重构，用 Go 将原有 PHP 服务迁移为微服务架构，核心工作包括：  设计基于 goroutine + channel 的订单状态机，提升异步处理吞吐量30%  使用 context 超时控制 + sync.Pool 优化数据库连接池，降低 P99 延迟  接入 Jaeger 实现链路追踪，排查慢接口并优化了两次 GC 抖动问题 此外，我平时会阅读 Go 源码并输出技术博客。希望能加入贵团队，在高并发场景下继续沉淀工程能力。',NULL,NULL,NULL,1775744144),
(12,2,'assistant','{\n  \"question\": \"感谢你的介绍。你提到了订单中台重构项目，能否详细说明一下你在微服务架构设计中的具体角色？例如，你是如何设计服务拆分和接口定义的？\",\n  \"score\": 85,\n  \"feedback\": \"你的自我介绍非常出色，结构清晰且内容具体。技术能力方面（28/30），你展示了扎实的Golang技能和实际优化成果（如吞吐量提升、延迟降低），并提到了源码阅读，体现了技术深度。沟通表达方面（27/30），逻辑连贯，重点突出。项目经验方面（23/25），你明确指出了核心职责和量化成果，显示了较强的项目贡献。综合素质方面（7/15），通过技术博客体现了主动学习能力。整体表现优秀。一个小建议是，可以更早地提及团队合作或沟通协调方面的经验，让介绍更全面。\",\n  \"questionType\": \"project\",\n  \"sessionEnd\": false\n}','project',85.00,'你的自我介绍非常出色，结构清晰且内容具体。技术能力方面（28/30），你展示了扎实的Golang技能和实际优化成果（如吞吐量提升、延迟降低），并提到了源码阅读，体现了技术深度。沟通表达方面（27/30），逻辑连贯，重点突出。项目经验方面（23/25），你明确指出了核心职责和量化成果，显示了较强的项目贡献。综合素质方面（7/15），通过技术博客体现了主动学习能力。整体表现优秀。一个小建议是，可以更早地提及团队合作或沟通协调方面的经验，让介绍更全面。',1775744150),
(13,2,'user','在这个项目中，我担任**核心开发**，同时负责**部分服务拆分与接口协议设计**，技术决策需要与架构师对齐。具体来说：  ### 1. 服务拆分原则与结果 我们基于 **DDD（领域驱动设计）** 和业务边界进行拆分，避免出现“上帝服务”。   - **订单服务**：负责订单创建、状态流转、订单查询（核心聚合根）。   - **库存服务**：独立管理商品库存锁定/释放，通过消息队列与订单服务最终一致。   - **支付服务**：对接第三方支付，回调通知订单服务。   - **履约服务**：拆单、调度仓库发货。    我主导了**订单与库存的边界划分**：将“锁定库存”定义为库存服务的 RPC 接口，订单服务只记录锁定结果，不直接操作库存表。  ### 2. 接口定义实践（Golang 视角） - **协议选择**：内部服务间使用 **gRPC** + Proto3，跨语言且性能好；对前端提供 **HTTP/gRPC-Gateway**。   - **Proto 定义示例**（订单服务部分接口）：   ```protobuf   service OrderService {     rpc CreateOrder(CreateOrderReq) returns (CreateOrderResp);     rpc UpdateOrderStatus(UpdateStatusReq) returns (Empty);   }   message CreateOrderReq {     string user_id = 1;     repeated OrderItem items = 2;     int64 address_id = 3;   }   ``` - **错误处理**：使用 `google/rpc/status` 包装业务错误码，避免 HTTP 200 + 业务码的混乱。   - **接口幂等**：订单创建接口要求客户端传入 `idempotent_key`，服务端用 Redis + Lua 原子性检查，防止重复下单。  ### 3. Golang 工程化落地 - 为每个服务定义 **`service.go` 中的 interface**，方便 mock 测试：   ```go   type OrderRepository interface {       GetByID(ctx context.Context, id string) (*Order, error)       Save(ctx context.Context, order *Order) error   }   ``` - 使用 `wire` 做依赖注入，各服务启动时清晰组装 gRPC server、DB、Redis 等组件。   - 通过 **`interceptor`** 实现统一日志、panic 恢复、请求 ID 注入。  ### 4. 遇到的难点与我的解决方式 - **拆分后分布式事务**：订单创建涉及库存锁定、优惠券扣减。我们采用了 **Saga 模式** + 本地消息表，我用 Go 实现了异步回滚逻辑（通过 `channel` 处理补偿消息）。   - **接口版本管理**：gRPC 反射配合 `protoreflect`，在网关层做版本路由，支持多版本并存。  最终这套设计支撑了双十一期间 2k+ QPS，订单服务 P99 耗时控制在 50ms 以内。',NULL,NULL,NULL,1775744254),
(14,2,'assistant','{\n  \"question\": \"非常详细的架构设计说明，体现了你的工程实践能力。现在我想深入探讨一个技术点：你提到使用 `context` 超时控制和 `sync.Pool` 优化数据库连接池。能否解释一下，在Golang中，`context` 是如何与数据库操作（比如使用 `database/sql` 或 ORM）结合来实现超时控制的？另外，`sync.Pool` 在这里具体是用来优化什么对象的？请结合代码或伪代码说明你的实现思路。\",\n  \"score\": 92,\n  \"feedback\": \"这是一个极其出色的回答，展现了你在系统设计和Golang工程化方面的高水平。技术能力（29/30）：你对微服务拆分原则（DDD）、接口设计（gRPC/Protobuf）、错误处理、幂等性以及分布式事务（Saga模式）都有深入且正确的理解，并能结合具体技术栈（如wire、interceptor）落地。沟通表达（29/30）：回答结构清晰，使用了标题和代码块，逻辑层次分明，易于理解。项目经验（25/25）：你清晰地阐述了个人角色（核心开发，主导部分设计）、具体实践和量化成果（支撑2k+ QPS，P99<50ms），完美展示了项目深度和影响力。综合素质（9/15）：通过解决分布式事务和版本管理等难点，体现了你解决复杂问题的能力和技术领导潜力。整体近乎完美。接下来的问题将深入你提到的具体技术实现，以考察你的技术深度和编码细节。\",\n  \"questionType\": \"technical\",\n  \"sessionEnd\": false\n}','technical',92.00,'这是一个极其出色的回答，展现了你在系统设计和Golang工程化方面的高水平。技术能力（29/30）：你对微服务拆分原则（DDD）、接口设计（gRPC/Protobuf）、错误处理、幂等性以及分布式事务（Saga模式）都有深入且正确的理解，并能结合具体技术栈（如wire、interceptor）落地。沟通表达（29/30）：回答结构清晰，使用了标题和代码块，逻辑层次分明，易于理解。项目经验（25/25）：你清晰地阐述了个人角色（核心开发，主导部分设计）、具体实践和量化成果（支撑2k+ QPS，P99<50ms），完美展示了项目深度和影响力。综合素质（9/15）：通过解决分布式事务和版本管理等难点，体现了你解决复杂问题的能力和技术领导潜力。整体近乎完美。接下来的问题将深入你提到的具体技术实现，以考察你的技术深度和编码细节。',1775744265),
(15,4,'user','您好，我叫张明，有3年Golang后端开发经验。 技术栈上，我熟悉 Go 原生并发模型、gin/gRPC 框架、MySQL/PostgreSQL 以及 Redis 缓存。 上一份工作我主要负责公司订单中台的重构，用 Go 将原有 PHP 服务迁移为微服务架构，核心工作包括：  设计基于 goroutine + channel 的订单状态机，提升异步处理吞吐量30%  使用 context 超时控制 + sync.Pool 优化数据库连接池，降低 P99 延迟  接入 Jaeger 实现链路追踪，排查慢接口并优化了两次 GC 抖动问题 此外，我平时会阅读 Go 源码并输出技术博客。希望能加入贵团队，在高并发场景下继续沉淀工程能力。',NULL,NULL,NULL,1775744745),
(16,4,'assistant','{\n  \"question\": \"请详细介绍一下你在订单中台重构项目中，如何设计基于 goroutine + channel 的订单状态机，并说明它如何提升了30%的吞吐量？\",\n  \"score\": 85,\n  \"feedback\": \"你的自我介绍结构清晰，技术栈明确，项目经验描述具体且有量化成果（提升30%吞吐量、降低P99延迟），展现了良好的技术能力和项目经验。建议在提及技术名词（如GC抖动）时，可以简要说明排查和解决思路，让技术深度更突出。\",\n  \"questionType\": \"project\",\n  \"sessionEnd\": false\n}','project',85.00,'你的自我介绍结构清晰，技术栈明确，项目经验描述具体且有量化成果（提升30%吞吐量、降低P99延迟），展现了良好的技术能力和项目经验。建议在提及技术名词（如GC抖动）时，可以简要说明排查和解决思路，让技术深度更突出。',1775744750),
(17,4,'user','在这个项目中，我担任**核心开发**，同时负责**部分服务拆分与接口协议设计**，技术决策需要与架构师对齐。具体来说：  ### 1. 服务拆分原则与结果 我们基于 **DDD（领域驱动设计）** 和业务边界进行拆分，避免出现“上帝服务”。   - **订单服务**：负责订单创建、状态流转、订单查询（核心聚合根）。   - **库存服务**：独立管理商品库存锁定/释放，通过消息队列与订单服务最终一致。   - **支付服务**：对接第三方支付，回调通知订单服务。   - **履约服务**：拆单、调度仓库发货。    我主导了**订单与库存的边界划分**：将“锁定库存”定义为库存服务的 RPC 接口，订单服务只记录锁定结果，不直接操作库存表。  ### 2. 接口定义实践（Golang 视角） - **协议选择**：内部服务间使用 **gRPC** + Proto3，跨语言且性能好；对前端提供 **HTTP/gRPC-Gateway**。   - **Proto 定义示例**（订单服务部分接口）：   ```protobuf   service OrderService {     rpc CreateOrder(CreateOrderReq) returns (CreateOrderResp);     rpc UpdateOrderStatus(UpdateStatusReq) returns (Empty);   }   message CreateOrderReq {     string user_id = 1;     repeated OrderItem items = 2;     int64 address_id = 3;   }   ``` - **错误处理**：使用 `google/rpc/status` 包装业务错误码，避免 HTTP 200 + 业务码的混乱。   - **接口幂等**：订单创建接口要求客户端传入 `idempotent_key`，服务端用 Redis + Lua 原子性检查，防止重复下单。  ### 3. Golang 工程化落地 - 为每个服务定义 **`service.go` 中的 interface**，方便 mock 测试：   ```go   type OrderRepository interface {       GetByID(ctx context.Context, id string) (*Order, error)       Save(ctx context.Context, order *Order) error   }   ``` - 使用 `wire` 做依赖注入，各服务启动时清晰组装 gRPC server、DB、Redis 等组件。   - 通过 **`interceptor`** 实现统一日志、panic 恢复、请求 ID 注入。  ### 4. 遇到的难点与我的解决方式 - **拆分后分布式事务**：订单创建涉及库存锁定、优惠券扣减。我们采用了 **Saga 模式** + 本地消息表，我用 Go 实现了异步回滚逻辑（通过 `channel` 处理补偿消息）。   - **接口版本管理**：gRPC 反射配合 `protoreflect`，在网关层做版本路由，支持多版本并存。  最终这套设计支撑了双十一期间 2k+ QPS，订单服务 P99 耗时控制在 50ms 以内。',NULL,NULL,NULL,1775744778),
(18,4,'assistant','{\n  \"question\": \"你提到了使用 Saga 模式 + 本地消息表来处理分布式事务，能否详细说明你在 Go 中是如何实现异步回滚逻辑的？特别是 channel 在其中的具体应用和设计考量。\",\n  \"score\": 90,\n  \"feedback\": \"回答非常出色！你清晰地阐述了服务拆分原则、接口设计实践和工程化落地细节，展现了很强的系统设计能力和项目主导经验。技术细节丰富（如DDD、gRPC、Proto、错误处理、幂等性、依赖注入），并且有具体的性能结果（2k+ QPS，P99<50ms）作为支撑，说服力很强。在沟通表达上，结构清晰，逻辑连贯。这是一个高质量的项目经验描述。\",\n  \"questionType\": \"technical\",\n  \"sessionEnd\": false\n}','technical',90.00,'回答非常出色！你清晰地阐述了服务拆分原则、接口设计实践和工程化落地细节，展现了很强的系统设计能力和项目主导经验。技术细节丰富（如DDD、gRPC、Proto、错误处理、幂等性、依赖注入），并且有具体的性能结果（2k+ QPS，P99<50ms）作为支撑，说服力很强。在沟通表达上，结构清晰，逻辑连贯。这是一个高质量的项目经验描述。',1775744783),
(19,6,'user','您好，我叫张明，有3年Golang后端开发经验。 技术栈上，我熟悉 Go 原生并发模型、gin/gRPC 框架、MySQL/PostgreSQL 以及 Redis 缓存。 上一份工作我主要负责公司订单中台的重构，用 Go 将原有 PHP 服务迁移为微服务架构，核心工作包括：  设计基于 goroutine + channel 的订单状态机，提升异步处理吞吐量30%  使用 context 超时控制 + sync.Pool 优化数据库连接池，降低 P99 延迟  接入 Jaeger 实现链路追踪，排查慢接口并优化了两次 GC 抖动问题 此外，我平时会阅读 Go 源码并输出技术博客。希望能加入贵团队，在高并发场景下继续沉淀工程能力。',NULL,NULL,NULL,1775745257),
(20,6,'assistant','{\n  \"question\": \"请详细介绍一下你在订单中台重构项目中设计的基于 goroutine + channel 的订单状态机。具体来说，你是如何设计状态流转的？在提升吞吐量的过程中遇到了哪些挑战，又是如何解决的？\",\n  \"score\": 85,\n  \"feedback\": \"你的自我介绍结构清晰，技术要点突出，很好地展示了你的技术栈、核心项目经验和个人学习习惯。在技术能力方面，你提到了具体的优化手段（goroutine/channel, context, sync.Pool）和可量化的成果（吞吐量提升30%，降低P99延迟），这非常有说服力。在沟通表达上，逻辑连贯，重点明确。项目经验部分，你清晰地说明了项目的背景、你的角色和贡献。综合素质方面，主动阅读源码和写博客体现了良好的学习习惯。一个可以提升的小建议是：在提及优化成果时，如果能简要补充一下优化前的基线情况（例如原PHP服务的吞吐量或延迟是多少），会让对比更有力。总体而言，这是一个非常出色的开场。\",\n  \"questionType\": \"project\",\n  \"sessionEnd\": false\n}','project',85.00,'你的自我介绍结构清晰，技术要点突出，很好地展示了你的技术栈、核心项目经验和个人学习习惯。在技术能力方面，你提到了具体的优化手段（goroutine/channel, context, sync.Pool）和可量化的成果（吞吐量提升30%，降低P99延迟），这非常有说服力。在沟通表达上，逻辑连贯，重点明确。项目经验部分，你清晰地说明了项目的背景、你的角色和贡献。综合素质方面，主动阅读源码和写博客体现了良好的学习习惯。一个可以提升的小建议是：在提及优化成果时，如果能简要补充一下优化前的基线情况（例如原PHP服务的吞吐量或延迟是多少），会让对比更有力。总体而言，这是一个非常出色的开场。',1775745264),
(21,6,'user','好的，以下是对该追问的**详细回答示例**，贴合 Golang 后端开发场景：  ---  **面试官**：感谢你的介绍。你提到了订单中台重构项目，能否详细说明一下你在微服务架构设计中的具体角色？例如，你是如何设计服务拆分和接口定义的？  **候选人**：   在这个项目中，我担任**核心开发**，同时负责**部分服务拆分与接口协议设计**，技术决策需要与架构师对齐。具体来说：  ### 1. 服务拆分原则与结果 我们基于 **DDD（领域驱动设计）** 和业务边界进行拆分，避免出现“上帝服务”。   - **订单服务**：负责订单创建、状态流转、订单查询（核心聚合根）。   - **库存服务**：独立管理商品库存锁定/释放，通过消息队列与订单服务最终一致。   - **支付服务**：对接第三方支付，回调通知订单服务。   - **履约服务**：拆单、调度仓库发货。    我主导了**订单与库存的边界划分**：将“锁定库存”定义为库存服务的 RPC 接口，订单服务只记录锁定结果，不直接操作库存表。  ### 2. 接口定义实践（Golang 视角） - **协议选择**：内部服务间使用 **gRPC** + Proto3，跨语言且性能好；对前端提供 **HTTP/gRPC-Gateway**。   - **Proto 定义示例**（订单服务部分接口）：   ```protobuf   service OrderService {     rpc CreateOrder(CreateOrderReq) returns (CreateOrderResp);     rpc UpdateOrderStatus(UpdateStatusReq) returns (Empty);   }   message CreateOrderReq {     string user_id = 1;     repeated OrderItem items = 2;     int64 address_id = 3;   }   ``` - **错误处理**：使用 `google/rpc/status` 包装业务错误码，避免 HTTP 200 + 业务码的混乱。   - **接口幂等**：订单创建接口要求客户端传入 `idempotent_key`，服务端用 Redis + Lua 原子性检查，防止重复下单。  ### 3. Golang 工程化落地 - 为每个服务定义 **`service.go` 中的 interface**，方便 mock 测试：   ```go   type OrderRepository interface {       GetByID(ctx context.Context, id string) (*Order, error)       Save(ctx context.Context, order *Order) error   }   ``` - 使用 `wire` 做依赖注入，各服务启动时清晰组装 gRPC server、DB、Redis 等组件。   - 通过 **`interceptor`** 实现统一日志、panic 恢复、请求 ID 注入。  ### 4. 遇到的难点与我的解决方式 - **拆分后分布式事务**：订单创建涉及库存锁定、优惠券扣减。我们采用了 **Saga 模式** + 本地消息表，我用 Go 实现了异步回滚逻辑（通过 `channel` 处理补偿消息）。   - **接口版本管理**：gRPC 反射配合 `protoreflect`，在网关层做版本路由，支持多版本并存。  最终这套设计支撑了双十一期间 2k+ QPS，订单服务 P99 耗时控制在 50ms 以内。',NULL,NULL,NULL,1775745268),
(22,6,'assistant','{\n  \"question\": \"你提到了使用Saga模式+本地消息表来处理分布式事务，并用Go实现了异步回滚逻辑。能否更深入地解释一下你的实现方案？例如，本地消息表的具体表结构是怎样的？补偿消息是如何通过channel处理的？在实现过程中，如何保证消息的可靠投递和避免重复消费？\",\n  \"score\": 92,\n  \"feedback\": \"非常出色的回答！你在项目经验和技术深度方面都展现出了高水平。回答结构清晰，从设计原则、具体实践到工程化落地，层层递进。你不仅清晰地说明了你的角色（核心开发，负责部分设计），还展示了扎实的Golang工程化能力（interface设计、依赖注入、拦截器）。你提到了具体的设计模式（DDD、Saga）、技术选型（gRPC、Proto）和可量化的成果（2k+ QPS，P99 < 50ms），这非常有说服力。沟通表达逻辑性极强。一个微小的提升点是：在解释Saga模式时，可以更早地简要说明其核心思想（将长事务拆分为多个本地事务，并通过补偿操作回滚），以便面试官更快地跟上你的思路。但总体而言，这是一个近乎完美的项目经验阐述。\",\n  \"questionType\": \"technical\",\n  \"sessionEnd\": false\n}','technical',92.00,'非常出色的回答！你在项目经验和技术深度方面都展现出了高水平。回答结构清晰，从设计原则、具体实践到工程化落地，层层递进。你不仅清晰地说明了你的角色（核心开发，负责部分设计），还展示了扎实的Golang工程化能力（interface设计、依赖注入、拦截器）。你提到了具体的设计模式（DDD、Saga）、技术选型（gRPC、Proto）和可量化的成果（2k+ QPS，P99 < 50ms），这非常有说服力。沟通表达逻辑性极强。一个微小的提升点是：在解释Saga模式时，可以更早地简要说明其核心思想（将长事务拆分为多个本地事务，并通过补偿操作回滚），以便面试官更快地跟上你的思路。但总体而言，这是一个近乎完美的项目经验阐述。',1775745277),
(23,8,'user','您好，我叫张明，有3年Golang后端开发经验。 技术栈上，我熟悉 Go 原生并发模型、gin/gRPC 框架、MySQL/PostgreSQL 以及 Redis 缓存。 上一份工作我主要负责公司订单中台的重构，用 Go 将原有 PHP 服务迁移为微服务架构，核心工作包括：  设计基于 goroutine + channel 的订单状态机，提升异步处理吞吐量30%  使用 context 超时控制 + sync.Pool 优化数据库连接池，降低 P99 延迟  接入 Jaeger 实现链路追踪，排查慢接口并优化了两次 GC 抖动问题 此外，我平时会阅读 Go 源码并输出技术博客。希望能加入贵团队，在高并发场景下继续沉淀工程能力',NULL,NULL,NULL,1775745728),
(24,8,'assistant','{\n  \"question\": \"请详细介绍一下你的技术背景和项目经验，特别是你在订单中台重构项目中扮演的具体角色和承担的核心职责。\",\n  \"score\": 85,\n  \"feedback\": \"自我介绍结构清晰，技术栈明确，项目经验有具体数据支撑（如吞吐量提升30%），体现了技术深度和结果导向。建议可以更具体地说明你在项目中的角色（如核心开发者、架构设计参与者等），以及与其他团队协作的情况。\",\n  \"questionType\": \"self_intro\",\n  \"sessionEnd\": false\n}','self_intro',85.00,'自我介绍结构清晰，技术栈明确，项目经验有具体数据支撑（如吞吐量提升30%），体现了技术深度和结果导向。建议可以更具体地说明你在项目中的角色（如核心开发者、架构设计参与者等），以及与其他团队协作的情况。',1775745731),
(25,9,'user','您好，我叫张明，有3年Golang后端开发经验。 技术栈上，我熟悉 Go 原生并发模型、gin/gRPC 框架、MySQL/PostgreSQL 以及 Redis 缓存。 上一份工作我主要负责公司订单中台的重构，用 Go 将原有 PHP 服务迁移为微服务架构，核心工作包括：  设计基于 goroutine + channel 的订单状态机，提升异步处理吞吐量30%  使用 context 超时控制 + sync.Pool 优化数据库连接池，降低 P99 延迟  接入 Jaeger 实现链路追踪，排查慢接口并优化了两次 GC 抖动问题 此外，我平时会阅读 Go 源码并输出技术博客。希望能加入贵团队，在高并发场景下继续沉淀工程能力。',NULL,NULL,NULL,1775746238),
(26,9,'assistant','{\n  \"question\": \"请详细介绍一下你的技术背景和项目经验，特别是你在订单中台重构项目中具体负责哪些模块，以及你是如何协调团队完成这个项目的？\",\n  \"score\": 85,\n  \"feedback\": \"你的自我介绍结构清晰，技术栈描述具体，项目经验有量化成果（如吞吐量提升30%），体现了较强的技术能力和成果导向思维。建议可以更详细地说明你在项目中的具体角色（如是否担任核心开发或技术负责人），以及团队协作方面的经验，这能更好地展示综合素质。\",\n  \"questionType\": \"self_intro\",\n  \"sessionEnd\": false\n}','self_intro',85.00,'你的自我介绍结构清晰，技术栈描述具体，项目经验有量化成果（如吞吐量提升30%），体现了较强的技术能力和成果导向思维。建议可以更详细地说明你在项目中的具体角色（如是否担任核心开发或技术负责人），以及团队协作方面的经验，这能更好地展示综合素质。',1775746242),
(27,9,'user','好的，以下是对该追问的**详细回答示例**，贴合 Golang 后端开发场景：  ---  **面试官**：感谢你的介绍。你提到了订单中台重构项目，能否详细说明一下你在微服务架构设计中的具体角色？例如，你是如何设计服务拆分和接口定义的？  **候选人**：   在这个项目中，我担任**核心开发**，同时负责**部分服务拆分与接口协议设计**，技术决策需要与架构师对齐。具体来说：  ### 1. 服务拆分原则与结果 我们基于 **DDD（领域驱动设计）** 和业务边界进行拆分，避免出现“上帝服务”。   - **订单服务**：负责订单创建、状态流转、订单查询（核心聚合根）。   - **库存服务**：独立管理商品库存锁定/释放，通过消息队列与订单服务最终一致。   - **支付服务**：对接第三方支付，回调通知订单服务。   - **履约服务**：拆单、调度仓库发货。    我主导了**订单与库存的边界划分**：将“锁定库存”定义为库存服务的 RPC 接口，订单服务只记录锁定结果，不直接操作库存表。  ### 2. 接口定义实践（Golang 视角） - **协议选择**：内部服务间使用 **gRPC** + Proto3，跨语言且性能好；对前端提供 **HTTP/gRPC-Gateway**。   - **Proto 定义示例**（订单服务部分接口）：   ```protobuf   service OrderService {     rpc CreateOrder(CreateOrderReq) returns (CreateOrderResp);     rpc UpdateOrderStatus(UpdateStatusReq) returns (Empty);   }   message CreateOrderReq {     string user_id = 1;     repeated OrderItem items = 2;     int64 address_id = 3;   }   ``` - **错误处理**：使用 `google/rpc/status` 包装业务错误码，避免 HTTP 200 + 业务码的混乱。   - **接口幂等**：订单创建接口要求客户端传入 `idempotent_key`，服务端用 Redis + Lua 原子性检查，防止重复下单。  ### 3. Golang 工程化落地 - 为每个服务定义 **`service.go` 中的 interface**，方便 mock 测试：   ```go   type OrderRepository interface {       GetByID(ctx context.Context, id string) (*Order, error)       Save(ctx context.Context, order *Order) error   }   ``` - 使用 `wire` 做依赖注入，各服务启动时清晰组装 gRPC server、DB、Redis 等组件。   - 通过 **`interceptor`** 实现统一日志、panic 恢复、请求 ID 注入。  ### 4. 遇到的难点与我的解决方式 - **拆分后分布式事务**：订单创建涉及库存锁定、优惠券扣减。我们采用了 **Saga 模式** + 本地消息表，我用 Go 实现了异步回滚逻辑（通过 `channel` 处理补偿消息）。   - **接口版本管理**：gRPC 反射配合 `protoreflect`，在网关层做版本路由，支持多版本并存。  最终这套设计支撑了双十一期间 2k+ QPS，订单服务 P99 耗时控制在 50ms 以内。',NULL,NULL,NULL,1775746447),
(28,9,'assistant','{\n  \"question\": \"你在项目中提到使用goroutine + channel设计订单状态机，能详细解释一下这个状态机的具体实现吗？比如状态流转的逻辑、如何保证并发安全、以及如何避免goroutine泄漏？\",\n  \"score\": 90,\n  \"feedback\": \"回答非常出色！你清晰地展示了服务拆分原则、接口设计实践和工程化落地细节，体现了扎实的系统设计能力和Golang工程经验。特别是对DDD、gRPC、Saga模式等概念的运用，以及量化成果（2k+ QPS，P99<50ms），都很有说服力。建议可以进一步突出你在跨团队协调或技术决策推动中的具体作用，这能更好地展示领导力潜力。\",\n  \"questionType\": \"project\",\n  \"sessionEnd\": false\n}','project',90.00,'回答非常出色！你清晰地展示了服务拆分原则、接口设计实践和工程化落地细节，体现了扎实的系统设计能力和Golang工程经验。特别是对DDD、gRPC、Saga模式等概念的运用，以及量化成果（2k+ QPS，P99<50ms），都很有说服力。建议可以进一步突出你在跨团队协调或技术决策推动中的具体作用，这能更好地展示领导力潜力。',1775746451),
(29,9,'user','针对你提到的 **订单状态机 + goroutine + channel** 实现，我会从状态流转逻辑、并发安全设计、以及 goroutine 泄漏防护三个层面详细解释。以下是当时项目中的具体实践：  ---  ## 1. 状态机的流转逻辑  我们定义订单状态为：`待支付` → `已支付` → `已发货` → `已完成`，以及 `已取消`（支付前）和 `退款中/已退款`（支付后）。   每个状态对应一组允许的**事件**，例如：  | 当前状态 | 允许事件         | 下一状态 | |----------|----------------|----------| | 待支付   | 支付成功        | 已支付   | | 待支付   | 用户取消        | 已取消   | | 已支付   | 发货            | 已发货   | | 已发货   | 确认收货        | 已完成   | | 已支付   | 申请退款        | 退款中   | | 退款中   | 退款完成        | 已退款   |  状态机核心代码（简化版）： ```go type OrderState string const (     PendingPay OrderState = \"pending_pay\"     Paid       OrderState = \"paid\"     Shipped    OrderState = \"shipped\"     Completed  OrderState = \"completed\"     Cancelled  OrderState = \"cancelled\" )  type Event string const (     PaySuccess  Event = \"pay_success\"     Cancel      Event = \"cancel\"     Ship        Event = \"ship\"     Confirm     Event = \"confirm\"     RefundApply Event = \"refund_apply\"     RefundDone  Event = \"refund_done\" )  var transitions = map[OrderState]map[Event]OrderState{     PendingPay: {PaySuccess: Paid, Cancel: Cancelled},     Paid:       {Ship: Shipped, RefundApply: \"refunding\"},     Shipped:    {Confirm: Completed},     // refunding 状态略 } ```  ---  ## 2. 基于 goroutine + channel 的异步状态机  **为什么不用同步调用？**   订单状态变更可能触发后续动作（如支付成功后通知仓库、扣减库存），如果同步执行会阻塞主流程。所以我们设计了一个 **异步状态机 worker**：  ```go type StateMachine struct {     orderID   string     state     OrderState     eventCh   chan Event          // 接收事件     doneCh    chan struct{}       // 退出信号     ctx       context.Context     cancel    context.CancelFunc     mu        sync.RWMutex        // 仅保护 state 字段（用于外部读取） } ```  ### 启动 goroutine ```go func NewStateMachine(orderID string, initState OrderState) *StateMachine {     ctx, cancel := context.WithCancel(context.Background())     sm := &StateMachine{         orderID: orderID,         state:   initState,         eventCh: make(chan Event, 100),   // 带缓冲，避免阻塞发送方         doneCh:  make(chan struct{}),         ctx:     ctx,         cancel:  cancel,     }     go sm.run()     return sm } ```  ### 核心循环（run 方法） ```go func (sm *StateMachine) run() {     defer close(sm.doneCh)     for {         select {         case event := <-sm.eventCh:             // 处理事件，状态流转             if nextState, ok := transitions[sm.state][event]; ok {                 // 执行前置钩子（如支付成功需要更新数据库）                 if err := sm.beforeTransition(event, nextState); err != nil {                     // 记录失败，可能投递到死信队列                     continue                 }                 // 原子更新状态                 sm.mu.Lock()                 sm.state = nextState                 sm.mu.Unlock()                 // 执行后置钩子（如发货通知仓库）                 sm.afterTransition(event, nextState)             } else {                 // 非法流转，记录日志             }         case <-sm.ctx.Done():             // 收到取消信号，退出循环             return         }     } } ```  ---  ## 3. 并发安全设计  ### ① 状态修改的串行化 - **所有状态变更只发生在 `run()` 这一个 goroutine 内部**，通过 `eventCh` 将并发请求串行化。   - 外部调用方通过 `SendEvent(event Event)` 发送事件，而非直接调用状态变更函数。     ```go   func (sm *StateMachine) SendEvent(event Event) error {       select {       case sm.eventCh <- event:           return nil       case <-sm.ctx.Done():           return errors.New(\"state machine closed\")       }   }   ``` - `state` 字段虽然加了读锁供外部查看，但**写操作只在 `run()` 中，且写时加锁**（其实因为单 goroutine 写，不加锁也可以，但加上更安全）。  ### ② 避免共享状态竞争 - 订单数据（如金额、地址）不放在状态机内，而是通过 `beforeTransition` 回调从数据库/缓存读取，保证了状态机本身的无状态性（除了当前状态）。 - 状态机实例与具体订单 ID 一一对应，存储在全局 `sync.Map` 中，由订单服务管理。  ### ③ 数据库最终一致 - 每次状态变更后，`afterTransition` 会异步更新订单表中的状态字段（使用乐观锁 `version` 字段防止并发覆盖）。 - 如果 DB 更新失败，会重试 3 次 + 写日志 + 人工介入，不阻塞后续事件。  ---  ## 4. 避免 goroutine 泄漏  我们采取了 **三重保障**：  ### ① Context 取消机制 - 每个状态机在创建时带 `context.WithCancel`，订单完成后调用 `sm.cancel()` 终止 goroutine。 - 在 `run()` 的 `select` 中监听 `ctx.Done()`，收到后立即 `return`。  ### ② 超时自动回收 - 如果订单长时间处于终态（`已完成`/`已取消`），后台有一个定时任务（30 分钟后）调用 `cancel()`。 - 同时从全局 `sync.Map` 中删除该状态机实例，允许 GC 回收。  ### ③ 防止 channel 阻塞导致 goroutine 无法退出 - `eventCh` 使用带缓冲队列（容量 100），避免发送方因阻塞而无法被感知。 - 在 `cancel()` 中会先关闭 `eventCh`，然后 `run()` 中检测到 `ctx.Done()` 退出，但为了彻底释放，我们在 `defer` 中 `close(eventCh)` 并排空残留事件：   ```go   defer func() {       for range sm.eventCh { } // 排空 channel，防止其他 goroutine 阻塞   }()   ```  ### ④ 监控泄漏 - 每个状态机启动时记录到 Prometheus gauge，退出时递减。若某个订单 ID 的 goroutine 数量异常（如 > 0 但订单已终态），触发告警。  ---  ## 5. 实际效果  这套设计上线后： - 单机支持 **5000+ 并发事件**（事件发送不阻塞调用方） - goroutine 数量稳定在 2000～3000（对应活动订单数），无泄漏 - 订单状态流转 P99 延迟约 12ms（主要耗在数据库更新）  **面试加分点**：通过 channel 串行化状态变更，避免了复杂的锁竞争，同时用 context + 超时回收保证了 goroutine 生命周期可控。',NULL,NULL,NULL,1775746508),
(30,9,'assistant','{\n  \"question\": \"你提到了使用sync.Pool优化数据库连接池，能具体说明一下你是如何实现这个优化的吗？包括sync.Pool的使用方式、性能提升的具体数据，以及在实际应用中需要注意哪些问题？\",\n  \"score\": 95,\n  \"feedback\": \"非常出色的回答！你详细解释了状态机的设计思路、并发安全实现和goroutine泄漏防护，体现了深厚的Golang并发编程功底。特别是对channel串行化、context取消机制、监控告警等细节的阐述，展现了工程化思维。回答结构清晰，有量化成果（5000+并发，P99 12ms），完全符合高级开发工程师的要求。\",\n  \"questionType\": \"technical\",\n  \"sessionEnd\": false\n}','technical',95.00,'非常出色的回答！你详细解释了状态机的设计思路、并发安全实现和goroutine泄漏防护，体现了深厚的Golang并发编程功底。特别是对channel串行化、context取消机制、监控告警等细节的阐述，展现了工程化思维。回答结构清晰，有量化成果（5000+并发，P99 12ms），完全符合高级开发工程师的要求。',1775746512),
(31,9,'user','这是一个很好的追问，因为它涉及一个常见的**误解澄清**机会：`sync.Pool` 并不直接用于优化数据库连接池（数据库驱动如 `database/sql` 自带连接池），而是用于**复用那些创建成本高、且可安全重用的临时对象**，从而降低 GC 压力与内存分配。我在项目中确实用 `sync.Pool` 做了以下优化，请听我详细说明：  ---  ## 1. 为什么不用 `sync.Pool` 直接管理数据库连接？  - Go 的 `database/sql` 标准库已经内置了高效连接池（通过 `sql.DB.SetMaxOpenConns` / `SetMaxIdleConns` 控制）。   - `sync.Pool` 中的对象随时可能被 GC 回收，不适合管理需要长期保持的连接。   - 我们的优化目标是：**高频数据库操作中产生的临时对象（如查询结果结构体、缓冲区）**。  ---  ## 2. 实际优化场景与实现方式  ### 场景：订单批量查询与反序列化 在订单中台，有一个高频接口 `/api/orders/batch`，需要根据一批订单 ID（最多 200 个）从 MySQL 查询订单明细，然后转换成 JSON 返回。   原始代码中，每次请求都会创建大量的 `[]Order` 切片、`strings.Builder` 等，造成频繁的内存分配和 GC 停顿。  ### 优化步骤：  #### ① 定义需要复用的对象 ```go type orderSlice struct {     orders []Order  // 实际存储订单数据 }  var orderPool = sync.Pool{     New: func() interface{} {         return &orderSlice{orders: make([]Order, 0, 64)} // 预分配容量     }, } ```  #### ② 在查询逻辑中使用 Pool ```go func BatchGetOrders(ctx context.Context, ids []int64) ([]Order, error) {     // 从 pool 获取对象     obj := orderPool.Get()     defer orderPool.Put(obj)   // 注意：Put 之前要重置对象          os := obj.(*orderSlice)     // 重置切片长度（保留底层数组）     os.orders = os.orders[:0]          // 执行数据库查询（使用 sqlx 或 gorm）     query := \"SELECT id, amount, status FROM orders WHERE id IN (?)\"     // 这里只是示意，实际使用 sqlx.In + Rebind     err := db.SelectContext(ctx, &os.orders, query, ids)     if err != nil {         return nil, err     }          // 返回数据，注意要复制一份，因为 os 之后会被放回 pool 供复用     result := make([]Order, len(os.orders))     copy(result, os.orders)     return result, nil } ```  #### ③ 同时优化 JSON 编码缓冲区 ```go var bufferPool = sync.Pool{     New: func() interface{} { return &bytes.Buffer{} }, }  func respondJSON(w http.ResponseWriter, data interface{}) {     buf := bufferPool.Get().(*bytes.Buffer)     buf.Reset()     defer bufferPool.Put(buf)          if err := json.NewEncoder(buf).Encode(data); err != nil {         http.Error(w, err.Error(), 500)         return     }     w.Header().Set(\"Content-Type\", \"application/json\")     w.Write(buf.Bytes()) } ```  ---  ## 3. 性能提升数据（实测）  我们在压测环境（8C16G，100 并发，持续 30 秒）中对比了优化前后的指标：  | 指标                     | 优化前        | 优化后        | 提升      | |--------------------------|---------------|---------------|-----------| | 平均响应时间（P99）       | 38 ms         | 24 ms         | **36.8%**  | | 每秒请求数（QPS）        | 1750          | 2580          | **+47%**   | | 内存分配次数（alloc/op）  | 85,432 B/op   | 23,150 B/op   | **-73%**   | | GC 暂停时间（P99）        | 4.2 ms        | 1.8 ms        | **-57%**   |  > 数据来源于 `go test -bench` + `pprof` 分析。  ---  ## 4. 使用 `sync.Pool` 需要注意的问题  ### ① 对象重置（Reset）是必须的 - **错误做法**：直接从 pool 取出对象，不清空就使用，会导致前一次的数据残留。   - **正确做法**：在 `Get()` 后立即进行重置（切片 `slice[:0]`，map 则 `for k := range m { delete(m,k) }` 或新建）。  ### ② 不要假设对象会保留 - `sync.Pool` 中的对象随时可能被 GC 回收（GC 时会清空 pool）。所以**不能依赖 pool 实现对象永久缓存**，只能作为临时复用。 - 例如：不要指望从 pool 取出的对象一定包含上次放回时的数据。  ### ③ 并发安全 - `sync.Pool` 本身是并发安全的，多个 goroutine 可以同时 `Get`/`Put`，无需外部加锁。  ### ④ 避免循环引用 - 如果放入 pool 的对象持有其他指针资源（如指向连接、文件等），应在 `Put` 前释放引用，否则可能导致内存泄漏。  ### ⑤ 适用场景有限 - 只对**高频创建且生命周期短**的对象有效。例如：   - `bytes.Buffer`   - 编码/解码的临时切片、map   - 序列化上下文对象 - **不适合**：持有数据库连接、文件句柄、大的全局配置等。  ### ⑥ 对象大小要适中 - 放入 pool 的对象如果很大（如 1MB+），反而可能导致内存占用过高，因为 pool 会保留多个大对象。此时可以设定上限或定期清空。  ---  ## 5. 项目中的补充措施  我们还在数据库连接池层面做了常规优化，与 `sync.Pool` 协同工作： - `sql.DB` 设置 `SetMaxOpenConns(100)`、`SetMaxIdleConns(50)`、`SetConnMaxLifetime(5m)` - 使用 `gorm` 的 `SkipDefaultTransaction` 减少事务开销 - 对慢查询启用 `prepare` 语句缓存  `sync.Pool` 解决的是**应用层对象复用**，而连接池解决的是**TCP 连接复用**，两者层次不同，但都能有效降低延迟。  ---  **总结**：在我的订单中台项目中，通过 `sync.Pool` 复用查询结果切片和 JSON 编码缓冲区，成功将 GC 压力降低 70%，P99 延迟下降 37%。关键是要正确重置对象，并理解 pool 的临时性特征。',NULL,NULL,NULL,1775746559),
(32,9,'assistant','{\n  \"question\": \"你提到了使用context进行超时控制，在实际项目中你是如何设计和管理context的？特别是在微服务架构中，如何确保context在整个调用链中正确传递和取消？\",\n  \"score\": 92,\n  \"feedback\": \"回答非常专业！你准确澄清了sync.Pool的适用场景，详细说明了优化实现和性能数据，体现了扎实的性能优化经验。特别是对注意事项的阐述（如对象重置、GC回收特性等），展现了深入的理解。量化数据（GC压力降低70%，P99延迟下降37%）很有说服力。建议可以补充说明如何监控和验证这些优化效果，以及在不同负载下的表现。\",\n  \"questionType\": \"technical\",\n  \"sessionEnd\": false\n}','technical',92.00,'回答非常专业！你准确澄清了sync.Pool的适用场景，详细说明了优化实现和性能数据，体现了扎实的性能优化经验。特别是对注意事项的阐述（如对象重置、GC回收特性等），展现了深入的理解。量化数据（GC压力降低70%，P99延迟下降37%）很有说服力。建议可以补充说明如何监控和验证这些优化效果，以及在不同负载下的表现。',1775746564),
(33,9,'user','在微服务架构中，`context.Context` 是 **超时控制、取消信号传递、链路追踪元数据绑定** 的核心载体。下面我会从 **设计原则**、**传递方式**、**实际代码模式** 以及 **常见陷阱** 四个方面，详细说明我在订单中台项目中的实践。  ---  ## 一、Context 的设计原则（我们约定的团队规范）  1. **函数第一参数永远是 `context.Context`**（即使不需要，也要占位，方便以后扩展）。   2. **入口层（API / gRPC / 消息消费）创建根 context**，设置超时或截止时间。   3. **向下游传递时只增加新的超时/值，不覆盖父 context**（使用 `context.WithTimeout` / `WithDeadline` / `WithValue` / `WithCancel`）。   4. **不把 context 存储在结构体中**（除非是类似 `Server` 或 `Worker` 这种长期对象，但也需谨慎）。   5. **在 goroutine 启动时，必须传入 context**，并监听 `ctx.Done()`。  ---  ## 二、微服务调用链中的传递与取消  ### 1. 入口层创建带超时的 context  以 HTTP 入口为例（使用 gin）：  ```go func (h *OrderHandler) CreateOrder(c *gin.Context) {     // 1. 从请求头提取上游传递的 trace ID（如果有）     ctx := c.Request.Context()          // 2. 设置服务的整体超时（例如 3 秒）     ctx, cancel := context.WithTimeout(ctx, 3*time.Second)     defer cancel()          // 3. 调用业务层     result, err := h.svc.CreateOrder(ctx, req)     // ... } ```  gRPC 入口类似，但 `context` 已经由 gRPC 框架自动传递。  ### 2. 跨服务调用时传递 context  **gRPC 调用**（原生支持 context 传播）： ```go func (s *OrderService) CreateOrder(ctx context.Context, req *pb.OrderReq) (*pb.OrderResp, error) {     // 调用库存服务，直接传递 ctx（超时、取消、元数据都会自动随请求头传递）     stockResp, err := s.stockClient.LockStock(ctx, &stock.LockReq{...})     // ... } ```  **HTTP 调用**（使用 `http.NewRequestWithContext`）： ```go func callPaymentService(ctx context.Context, req *PaymentReq) error {     reqBody, _ := json.Marshal(req)     httpReq, _ := http.NewRequestWithContext(ctx, \"POST\", \"http://payment/pay\", bytes.NewReader(reqBody))          // 可选：把父 context 中的某些元数据（如 trace ID）注入 HTTP 头     if traceID := ctx.Value(\"trace_id\"); traceID != nil {         httpReq.Header.Set(\"X-Trace-ID\", traceID.(string))     }          client := &http.Client{}     resp, err := client.Do(httpReq)     // ... } ```  ### 3. 主动取消（`WithCancel`）的使用场景  当需要提前中止一系列操作时（例如用户取消请求、分布式 Saga 补偿）：  ```go func (s *OrderService) CreateOrderWithCompensation(ctx context.Context, req *OrderReq) error {     // 创建可取消的子 context     ctx, cancel := context.WithCancel(ctx)     defer cancel() // 函数返回时确保取消，释放资源      // 启动异步监控任务（如等待支付回调）     go s.monitorPayment(ctx, orderID)          // 执行业务操作...     if err := s.doCreate(ctx, req); err != nil {         // 出错时，cancel 会通知 monitor 协程退出         return err     }     return nil } ```  ---  ## 三、实际项目中的工具封装与最佳实践  ### 1. 统一的超时配置（配置文件 + 代码兜底）  ```yaml # config.yaml services:   order:     timeout: 3s   stock:     timeout: 2s   payment:     timeout: 5s ```  调用封装函数： ```go func (c *StockClient) LockStock(ctx context.Context, req *LockReq) (*LockResp, error) {     // 从配置读取超时，且不能超过父 context 的剩余时间     timeout := c.cfg.StockTimeout     ctx, cancel := context.WithTimeout(ctx, timeout)     defer cancel()     return c.client.LockStock(ctx, req) } ```  ### 2. 链路追踪集成（OpenTelemetry / Jaeger）  在创建 gRPC/HTTP 客户端时，自动注入 trace 信息： ```go // gRPC 拦截器示例（客户端） conn, _ := grpc.Dial(\"stock:8080\",     grpc.WithUnaryInterceptor(otelgrpc.UnaryClientInterceptor()), ) ```  这样每个调用链的 context 会自动携带 `traceparent` 头，Jaeger 可以完整展示每个 span 的超时与取消情况。  ### 3. 防止 goroutine 泄漏的辅助模式  **模式一：`context.AfterFunc`（Go 1.21+）**   ```go func doAsyncWork(ctx context.Context) {     stop := context.AfterFunc(ctx, func() {         log.Info(\"context cancelled, cleaning up async work\")         // 主动释放资源     })     defer stop() // 如果正常完成，取消注册     // 执行工作... } ```  **模式二：`select` 监听 `ctx.Done()`**   ```go func (sm *StateMachine) run() {     for {         select {         case event := <-sm.eventCh:             // 处理事件         case <-sm.ctx.Done():             return  // 收到取消信号，立即退出         }     } } ```  ---  ## 四、常见陷阱与避免方法  | 陷阱 | 后果 | 正确做法 | |------|------|----------| | 在 `defer cancel()` **之前** 就启动了需要 context 的 goroutine | 若提前 return，cancel 不会被调用，导致 goroutine 或资源泄漏 | 先 `defer cancel()`，再启动 goroutine（确保无论如何都会 cancel） | | 忽略 `ctx.Err()` 检查，盲目调用下游 | 超时后仍继续调用，浪费资源 | 在每个 RPC/DB 操作前，先 `if ctx.Err() != nil { return ctx.Err() }` | | 把 `context.Background()` 传给下游服务 | 超时和取消无法传播，上游取消后下游仍运行 | 始终使用从请求入口传递下来的 context | | 在 `WithTimeout` 内调用 `time.Sleep` | 阻塞超时计时，无法提前响应取消 | 使用 `time.After` + `select` 或 `time.NewTimer` | | 把 `context.Value` 当作全局配置传递 | 接口不清晰，编译时无类型检查，易出错 | 用显式参数替代，或只在极少数横切点（如 trace ID）使用 Value |  ---  ## 五、实际效果与监控  - **超时导致的错误率**：我们设置了 3 秒服务级超时，P99 调用链耗时 2.1 秒，超时错误率低于 0.01%。   - **取消传播**：通过 Jaeger 跟踪，可以看到当用户关闭浏览器（HTTP 连接断开），gin 会自动取消 `c.Request.Context()`，整个调用链（库存、支付）都能在 50ms 内收到取消信号并停止处理。   - **goroutine 泄漏**：定期用 `pprof` 检查，从未发现因 context 未传递导致的泄漏。  ---  **总结**：   > 在微服务架构中，`context` 是生命周期的“遥控器”。我们严格遵循“入口设时、调用传递、退出监听”的原则，配合 OpenTelemetry 实现全链路超时与取消。最关键的三个动作是：   > 1. **每个 RPC/DB 操作前检查 `ctx.Err()`**   > 2. **永远传递入口 context，而不是重新 `Background()`**   > 3. **用 `defer cancel()` 确保无论成功或失败都能释放资源**    这样既能保证系统弹性，又能避免资源泄漏。',NULL,NULL,NULL,1775746618),
(34,9,'assistant','{\n  \"question\": \"如果让你设计一个高并发的消息队列系统，你会如何设计？请从架构设计、数据一致性、容错机制和性能优化等方面详细说明。\",\n  \"score\": 96,\n  \"feedback\": \"非常全面和专业的回答！你系统性地阐述了context的设计原则、传递方式、工具封装和常见陷阱，体现了对微服务架构下上下文管理的深刻理解。特别是对实际项目中的工具封装、链路追踪集成和监控效果的描述，展现了丰富的工程实践经验。回答结构清晰，有具体的代码示例和量化数据，完全符合高级工程师的水平。\",\n  \"questionType\": \"design\",\n  \"sessionEnd\": false\n}','design',96.00,'非常全面和专业的回答！你系统性地阐述了context的设计原则、传递方式、工具封装和常见陷阱，体现了对微服务架构下上下文管理的深刻理解。特别是对实际项目中的工具封装、链路追踪集成和监控效果的描述，展现了丰富的工程实践经验。回答结构清晰，有具体的代码示例和量化数据，完全符合高级工程师的水平。',1775746624),
(35,9,'user','设计一个高并发、高可靠的消息队列系统（类似 Kafka / Pulsar 但简化版），需要从 **架构分层、数据一致性、容错机制、性能优化** 四个维度系统考量。以下是我的设计方案，重点突出在 Golang 背景下的实现思路。  ---  ## 一、整体架构设计  ### 1. 核心角色 - **Producer**：消息发布者，支持异步/同步发送。 - **Broker**：消息代理集群，负责存储、路由、消费调度。 - **Consumer**：消费者，支持推/拉模式，消费组内负载均衡。 - **Metadata Service**（如 etcd/ZooKeeper）：存储 Topic/Partition 元数据、Broker 健康状态。  ### 2. 数据模型 - **Topic**：逻辑消息队列，划分为多个 **Partition**（分区）。 - **Partition**：物理上的顺序日志文件（Segment），每个分区内消息有序。 - **Offset**：分区内消息的唯一递增 ID。 - **Consumer Group**：组内多个消费者共享消费进度（Offset），每条消息只被组内一个消费者处理。  ### 3. 架构图（简略） ``` [Producer] --(异步发送)--> [Load Balancer] --路由--> [Broker1 (Leader Partition0)]                                                           | [Consumer Group A] <--(拉取/推送)--- [Broker2 (Follower Partition0)] ```  每个 Partition 有一个 Leader Broker 负责读写，多个 Follower 同步复制（类似 Kafka）。  ---  ## 二、数据一致性设计  ### 1. 消息不丢失保证 - **生产者确认机制**：支持 `acks=all`（Leader 和所有 ISR 副本确认后才返回成功），配合 `retries` 和幂等性（Producer ID + Sequence Number 去重）。 - **Broker 持久化**：消息写入 Page Cache 后立即刷盘？不，为了性能，使用 **OS 页缓存 + 异步刷盘**，但通过副本机制保证可靠性（只要有一个存活副本即可）。 - **消费者确认**：消费完成后必须手动提交 Offset（支持自动/手动），避免“消费但未提交”导致重复消费（业务端需幂等）。  ### 2. 副本同步协议（类似 Raft，但简化） - 每个 Partition 有多个副本（如 3），其中一个为 Leader。 - 写入：Producer 请求 Leader，Leader 将消息写入本地日志，并并行发送给 Follower；等待至少 `min.insync.replicas` 个副本（如 2）确认后，返回成功。 - 读取：Consumer 只从 Leader 读取（保证一致性），可配置允许从 Follower 读（最终一致，用于高吞吐场景）。  ### 3. 事务与 Exactly-Once 语义 - **跨分区事务**：引入事务协调器（类似 Kafka 的 Transaction Coordinator），使用两阶段提交 + 事务日志。   - **幂等写入**：Producer 启用幂等，Broker 根据 `(ProducerID, SequenceNumber)` 去重。   - **消费端幂等**：要求业务接口实现幂等（如基于消息唯一 ID 进行 dedup），或使用原子性的“消费 + 提交”操作。  ---  ## 三、容错机制  ### 1. Broker 故障转移 - **Leader 选举**：通过 Metadata Service（如 etcd）存储 Leader 信息；当 Leader 失效，从 ISR（同步副本集）中选举新 Leader（使用 `Hints` 或 `epoch` 防止脑裂）。 - **副本恢复**：新 Leader 建立后，Follower 从 Leader 拉取缺失数据，追上后加入 ISR。 - **元数据高可用**：Metadata Service 集群（奇数节点），服务本身容错。  ### 2. 消息堆积与限流 - **磁盘保护**：当磁盘使用率超过阈值（如 85%），拒绝新写入或触发清理策略（按时间/大小删除旧 Segment）。 - **消费者限流**：Broker 端可基于 `max.bytes.per.partition` 限制拉取速率，避免消费者过载。 - **背压（Backpressure）**：Producer 发送缓冲区满时阻塞或快速失败，结合 `circuit breaker` 避免雪崩。  ### 3. 故障检测与恢复 - **心跳检测**：每个 Broker 向 Metadata Service 发送心跳；若连续缺失，标记为“下线”。 - **自动重平衡**：Consumer Group 内成员变化（加入/退出）时，触发分区重分配（使用 `sticky assignor` 减少迁移）。 - **死信队列（DLQ）**：消费失败超过阈值后，将消息路由到 DLQ 并记录错误原因，人工介入。  ---  ## 四、性能优化措施  ### 1. 存储层优化（借鉴 Kafka） - **顺序写 + 分段（Segment）**：每个 Partition 由多个 1GB 的 Segment 文件组成，新消息追加到活跃 Segment 尾部，避免随机 IO。 - **零拷贝（sendfile）**：消费时，Broker 直接通过 `sendfile` 系统调用将 Page Cache 中的数据发送到 Socket，减少用户态/内核态拷贝。 - **页缓存**：写入消息仅刷到 Page Cache，由 OS 异步刷盘；读取命中缓存则延迟极低。 - **消息批量压缩**：Producer 可批量发送（如 100 条/批次），Broker 也批量拉取/存储，使用 Snappy 或 ZSTD 压缩。  ### 2. 网络与并发 - **Reactor 模型**：Broker 使用主从 Reactor（如 `evio` 或标准 `net` + goroutine per connection），但为减少 goroutine 开销，可将每个分区绑定到独立 goroutine 处理。 - **零拷贝网络**：gRPC 内部已优化，但自己实现时可使用 `io.Copy` 配合 `splice` 系统调用。 - **异步刷盘与批量确认**：Broker 聚合多个写入请求，每隔 100ms 或累计 1MB 后刷盘，同时批量回复 ACK。  ### 3. 消费者优化 - **长轮询（Long Polling）**：当无新消息时，Broker 保持连接等待，避免频繁空拉取。 - **预取（Prefetch）**：消费者一次拉取多条（如 500 条），减少 RPC 次数。 - **并发处理**：消费者内部使用 goroutine 池并行处理消息，但需注意顺序消息场景。  ### 4. 内存与 GC 优化（Golang 专属） - **使用 `sync.Pool`** 复用 `[]byte` 缓冲区、解码对象。 - **减少指针**：消息在存储时使用扁平结构（如 `[][]byte`），避免大量小对象。 - **设置合理的 `GOGC`**：对于高吞吐 Broker，可提高 `GOGC`（如 200）减少 GC 频率，允许更多堆内存。 - **使用 `runtime.GOMAXPROCS`** 绑定 CPU 核心，避免频繁调度。  ### 5. 分区与负载均衡 - **动态分区**：支持在线增加分区（需处理现有 key 的哈希一致性）。 - **Key 路由**：生产时可指定 Key，相同 Key 的消息进入同一分区，保证顺序。 - **流量倾斜处理**：Broker 监控各分区负载，可自动迁移部分分区到低负载节点（类似 Kafka 的 `reassign partitions`）。  ---  ## 五、关键代码示例（Golang 风格）  ### 1. Producer 异步发送 ```go type AsyncProducer struct {     topic     string     partition  int     client     *BrokerClient     batch      []*Message     batchMu    sync.Mutex     flushTicker *time.Ticker }  func (p *AsyncProducer) Send(msg *Message) {     p.batchMu.Lock()     p.batch = append(p.batch, msg)     if len(p.batch) >= 100 {         p.flush()     }     p.batchMu.Unlock() } ```  ### 2. Broker 核心写入路径 ```go func (partition *Partition) AppendMessages(msgs []*Message) (offsets []int64, err error) {     partition.writeMu.Lock()     defer partition.writeMu.Unlock()          // 写入当前活跃 Segment     for _, msg := range msgs {         offset := partition.nextOffset         msg.Offset = offset         if err := partition.activeSegment.Append(msg); err != nil {             return nil, err         }         partition.nextOffset++         offsets = append(offsets, offset)     }     // 异步刷盘，不阻塞     go partition.activeSegment.FlushAsync()     return offsets, nil } ```  ### 3. 副本同步（简化） ```go func (leader *PartitionLeader) replicateToFollowers(msgs []*Message) error {     var wg sync.WaitGroup     errCh := make(chan error, len(leader.followers))     for _, follower := range leader.followers {         wg.Add(1)         go func(f *FollowerClient) {             defer wg.Done()             if err := f.Append(msgs); err != nil {                 errCh <- err             }         }(follower)     }     wg.Wait()     close(errCh)     if len(errCh) >= len(leader.followers)-leader.minISR {         return errors.New(\"insufficient acks\")     }     return nil } ```  ---  ## 六、总结  | 维度         | 核心策略                                                                 | |--------------|--------------------------------------------------------------------------| | **架构**     | 分区 + 副本 + 元数据集群，支持水平扩展                                    | | **一致性**   | Leader 写入 + ISR 确认 + 幂等 Producer + 事务协调器                      | | **容错**     | 自动 Leader 选举 + ISR 恢复 + 死信队列 + 磁盘水位限流                     | | **性能**     | 零拷贝 + 页缓存 + 批量压缩 + 异步刷盘 + sync.Pool + 长轮询               |  这套设计在 **单机（8C16G）** 下可以达到 **写入 10 万 msg/s（每条 1KB）**，**消费 20 万 msg/s**（受网卡和磁盘影响）。实际生产环境中，还需要加入 **监控（Prometheus）**、**流量控制（令牌桶）** 和 **平滑升级（蓝绿部署）** 等运维组件。',NULL,NULL,NULL,1775746684),
(36,9,'assistant','{\n  \"question\": \"如果你的服务突然崩溃，你会如何排查和解决？请描述你的故障排查流程和常用工具。\",\n  \"score\": 98,\n  \"feedback\": \"非常出色的系统设计回答！你全面覆盖了消息队列系统的各个关键方面，从架构设计到具体实现细节都体现了深厚的分布式系统知识。特别是对数据一致性、容错机制和性能优化的阐述非常专业，Golang相关的优化建议也很实用。回答结构清晰，有量化指标（10万msg/s写入，20万msg/s消费），展现了高级架构师的设计能力。\",\n  \"questionType\": \"scenario\",\n  \"sessionEnd\": false\n}','scenario',98.00,'非常出色的系统设计回答！你全面覆盖了消息队列系统的各个关键方面，从架构设计到具体实现细节都体现了深厚的分布式系统知识。特别是对数据一致性、容错机制和性能优化的阐述非常专业，Golang相关的优化建议也很实用。回答结构清晰，有量化指标（10万msg/s写入，20万msg/s消费），展现了高级架构师的设计能力。',1775746690),
(37,9,'user','当服务突然崩溃（进程退出、panic、无响应等）时，我会按照 **“止损 → 定位 → 修复 → 复盘”** 的流程进行排查。以下是针对 Golang 后端服务的具体做法和常用工具。  ---  ## 一、第一时间止损（减少影响范围）  1. **摘除异常节点**：从负载均衡或服务注册中心（如 Consul/Nacos）移除故障实例。   2. **启用降级/熔断**：若下游依赖故障，触发 Hystrix 或 Sentinel 熔断，返回兜底数据。   3. **保留现场**：禁止自动重启，先拷贝二进制文件、日志、core dump（如果生成）。  ---  ## 二、排查流程（分层定位）  ### 1. 观察外在现象 - **服务是否完全退出？** 检查进程是否存在：`ps aux | grep my-service`   - **是否有报警**：CPU/内存/磁盘/网络告警？查看监控系统（Prometheus + Grafana）。   - **请求日志**：最近是否有大量 5xx 错误？网关层是否有超时日志？  ### 2. 收集基础信息 - **系统日志**：`journalctl -u my-service -n 200 --no-pager`   - **应用日志**：查看错误级别日志，搜索 `panic`、`fatal`、`timeout` 等关键词。   - **核心转储**：若 `GOTRACEBACK=crash` 且系统允许，会生成 core 文件，用 `gdb` 或 `dlv` 分析。  ### 3. 定位常见崩溃原因及工具  | 崩溃类型                | 典型现象                     | 排查工具/方法                                                                 | |------------------------|-----------------------------|-------------------------------------------------------------------------------| | **panic（运行时错误）**  | 日志出现 `panic:` + 堆栈      | 查看堆栈定位到代码行；恢复 `recover` 后记录现场                                | | **内存溢出（OOM）**      | 进程被系统杀死，`dmesg` 有 `Out of memory` | `dmesg -T \\| grep -i oom`，`journalctl -k`，查看 `/var/log/messages`          | | **死锁 / goroutine 泄漏** | 服务卡死，不响应请求，但进程还在 | `pprof` 的 goroutine 分析：`go tool pprof http://ip:debug/pprof/goroutine`   | | **CPU 飙高**             | 服务响应变慢，CPU 使用率 > 80% | `top -H -p <pid>` 找高 CPU 线程，再用 `pprof` 进行 CPU profiling             | | **磁盘满 / inode 耗尽**  | 写日志失败，服务异常退出        | `df -h`，`df -i`，`du -sh /*` 逐级排查                                      | | **文件描述符耗尽**       | `too many open files`        | `lsof -p <pid> \\| wc -l`，检查 `/proc/<pid>/limits`，调整 ulimit             | | **依赖服务不可用**       | 调用下游超时，大量重试导致资源耗尽 | 检查网络连接：`netstat -anp \\| grep <port>`，`tcpdump` 抓包，查看熔断器状态 |  ### 4. 深度分析（使用 Go 专用工具）  #### a) 获取运行态信息（如果进程还在但异常） ```bash # 开启 pprof HTTP 端点（通常已集成） curl http://localhost:6060/debug/pprof/goroutine?debug=2 > stacks.txt curl http://localhost:6060/debug/pprof/heap > heap.out curl http://localhost:6060/debug/pprof/profile?seconds=30 > cpu.out  # 分析 go tool pprof -http=:8080 heap.out go tool pprof -http=:8080 cpu.out ```  #### b) 分析 goroutine 阻塞情况 ```go // 在代码中导入 net/http/pprof 后，访问： /debug/pprof/block?debug=1   // 查看阻塞操作 /debug/pprof/mutex?debug=1   // 查看锁竞争 ```  #### c) 使用 `dlv` 调试 core dump ```bash dlv core ./my-service core.1234 (dlv) bt          # 查看堆栈 (dlv) goroutine   # 列出所有 goroutine (dlv) frame 10    # 切换到指定栈帧 ```  #### d) 检查 GC 压力 ```bash GODEBUG=gctrace=1 ./my-service # 或通过 pprof 的 trace curl http://localhost:6060/debug/pprof/trace?seconds=5 > trace.out go tool trace trace.out ```  ### 5. 代码层面的常见漏洞检查清单 - **空指针引用**：访问 map 未初始化、nil 切片赋值、关闭 channel 后发送等。   - **并发读写 map**：启用 `go run -race` 或编译时加 `-race` 检测数据竞争。   - **未 recover 的 panic**：在 main goroutine 和每个新 goroutine 入口使用 `defer recover()`。   - **资源未释放**：文件、网络连接、数据库连接未 close；使用 `defer` 或 `context` 控制。   - **死循环**：例如 `for { select {} }` 导致 CPU 100%，或者没有退出条件的循环。  ---  ## 三、解决方案与临时恢复  1. **快速止血**：      - 若因 panic 崩溃，增加 `recover` 并记录堆栈，返回错误而不是退出。      - 若因内存泄漏，重启服务并限制最大内存（`GOGC`、`GOMEMLIMIT` 或容器 limit）。      - 若因依赖超时，缩短超时时间并启用重试+退避。  2. **代码修复**：      - 修复空指针、竞态条件等根因。      - 增加单元测试和集成测试覆盖该场景。      - 引入混沌工程实验（如随机 kill 依赖）验证健壮性。  3. **部署回归**：      - 先上一台金丝雀节点观察，再全量发布。      - 开启熔断、限流、降级配置。  ---  ## 四、常用工具清单（按类别）  | 类别         | 工具                                                                 | |--------------|----------------------------------------------------------------------| | **系统排查**  | `top` / `htop`, `dmesg`, `journalctl`, `lsof`, `netstat`, `ss`, `tcpdump` | | **Go 专用**   | `pprof`（CPU/内存/goroutine/阻塞/互斥锁），`trace`，`dlv`，`go test -race` | | **监控告警**  | Prometheus + Grafana，Alertmanager，Sentry（异常追踪）               | | **日志分析**  | ELK（Elasticsearch, Logstash, Kibana），Loki + Grafana              | | **分布式追踪**| Jaeger, Zipkin                                                       | | **压力测试**  | `go-wrk`, `vegeta`, `k6` 复现崩溃场景                               |  ---  ## 五、实际案例（模拟）  **场景**：某天订单服务突然 OOM Killed。   **排查步骤**：   1. `dmesg -T | grep oom` 确认进程被 kill。   2. 查看监控：内存使用曲线在 10 分钟内线性增长。   3. 使用 `go tool pprof` 分析最近的内存 profile（服务集成了自动 dump）。发现 `sync.Pool` 中对象没有 Reset，且某函数每次请求分配 2MB 的 `[][]byte`。   4. 修复：在 `Put` 前重置切片长度，并改用 `bytes.Buffer` 池化。   5. 增加 `runtime/debug.SetMemoryLimit(8GB)` 限制堆上限，避免 OOM。   6. 上线后内存稳定在 4GB，问题解决。  ---  ## 六、事后复盘与预防  - **完善监控**：增加内存增长速率、goroutine 数量、GC 停顿时间等告警。   - **混沌测试**：定期注入故障（如随机 kill pod、网络延迟）。   - **代码审查**：重点检查资源释放、并发安全、错误处理。   - **文档化**：将本次故障的排查过程和解决方法写入事后报告，更新运维手册。  **总结**：故障排查不是瞎猜，而是**从现象到证据的推理过程**。熟练使用 pprof + 系统工具 + 日志，再结合对 Go 运行时的理解，可以快速定位绝大多数崩溃原因。关键原则是 **“先恢复服务，再定位根因”**。',NULL,NULL,NULL,1775746748),
(38,9,'assistant','{\n  \"question\": \"你对我们公司有什么了解？为什么想加入我们？\",\n  \"score\": 97,\n  \"feedback\": \"非常全面和专业的故障排查回答！你系统性地阐述了从止损到复盘的完整流程，体现了丰富的线上问题处理经验。特别是对各类崩溃原因的分类、排查工具的使用和实际案例的描述，展现了扎实的运维和调试能力。回答结构清晰，有具体的操作步骤和工具清单，完全符合高级工程师的要求。\",\n  \"questionType\": \"hr\",\n  \"sessionEnd\": true\n}','hr',97.00,'非常全面和专业的故障排查回答！你系统性地阐述了从止损到复盘的完整流程，体现了丰富的线上问题处理经验。特别是对各类崩溃原因的分类、排查工具的使用和实际案例的描述，展现了扎实的运维和调试能力。回答结构清晰，有具体的操作步骤和工具清单，完全符合高级工程师的要求。',1775746753),
(39,10,'user','您好，我叫张明，有3年Golang后端开发经验。 技术栈上，我熟悉 Go 原生并发模型、gin/gRPC 框架、MySQL/PostgreSQL 以及 Redis 缓存。 上一份工作我主要负责公司订单中台的重构，用 Go 将原有 PHP 服务迁移为微服务架构，核心工作包括：  设计基于 goroutine + channel 的订单状态机，提升异步处理吞吐量30%  使用 context 超时控制 + sync.Pool 优化数据库连接池，降低 P99 延迟  接入 Jaeger 实现链路追踪，排查慢接口并优化了两次 GC 抖动问题 此外，我平时会阅读 Go 源码并输出技术博客。希望能加入贵团队，在高并发场景下继续沉淀工程能力',NULL,NULL,NULL,1775747242),
(40,10,'assistant','{\n  \"question\": \"请详细介绍一下你的技术背景和项目经验，特别是你在订单中台重构项目中承担的具体职责和技术决策背后的思考过程。\",\n  \"score\": 85,\n  \"feedback\": \"回答结构清晰，技术栈明确，项目经验具体且有量化成果（如吞吐量提升30%），展现了良好的技术能力和表达能力。建议可以更详细地阐述技术决策的权衡过程，例如为什么选择特定的框架或工具。\",\n  \"questionType\": \"self_intro\",\n  \"sessionEnd\": false\n}','self_intro',85.00,'回答结构清晰，技术栈明确，项目经验具体且有量化成果（如吞吐量提升30%），展现了良好的技术能力和表达能力。建议可以更详细地阐述技术决策的权衡过程，例如为什么选择特定的框架或工具。',1775747245),
(41,10,'user','感谢您的提问。我会从技术背景、项目经验以及订单中台重构项目的核心职责与决策思考三个方面详细回答。  ---  ## 一、技术背景  我是一名有 **3 年经验的后端开发工程师**，主要技术栈为 **Golang**。    - **语言与框架**：Go（1.18+），熟练使用 gin、gRPC、go-zero 等微服务框架。   - **数据库与存储**：MySQL（分库分表）、PostgreSQL、Redis（缓存/分布式锁）、MongoDB（日志类数据）。   - **消息队列**：Kafka、RocketMQ（用于异步解耦与削峰）。   - **服务治理**：etcd / Consul（服务注册发现）、Jaeger（链路追踪）、Prometheus + Grafana（监控告警）。   - **容器化**：Docker、Kubernetes（Helm 部署）。    除 Golang 外，我也熟悉 Python（脚本工具）和基础运维知识。  ---  ## 二、项目经验概览  我参与过三个主要项目：  1. **电商订单中台重构**（核心项目，下文重点展开）   2. **实时库存同步服务**（基于 Canal + Kafka 同步 MySQL 变更到 Redis）   3. **API 网关改造**（为遗留系统添加限流、熔断和鉴权能力）    其中订单中台重构是我投入最深、挑战最大的项目。  ---  ## 三、订单中台重构项目：我的职责与技术决策  ### 1. 项目背景与目标  原有订单系统是 PHP 单体架构，随着业务增长出现以下痛点：   - 数据库连接池频繁打满，高峰期 P99 延迟超过 2 秒。   - 代码耦合严重，订单状态流转逻辑分散在多个 Controller 和 Model 中。   - 无法水平扩展，每次发布都需要全量上线。    **目标**：用 Golang 重构为微服务架构，提升吞吐量与可维护性，支撑 5 倍业务增长。  ### 2. 我在项目中的具体职责  我担任 **核心开发**，同时负责以下模块：   - **服务拆分与边界定义**：与架构师共同完成领域划分，并主导“订单服务”与“库存服务”的接口设计。   - **订单状态机设计与实现**：基于 `goroutine + channel` 构建异步状态机，确保状态流转的原子性与可观测性。   - **性能优化**：引入 `sync.Pool` 复用临时对象，优化数据库连接池与 JSON 序列化。   - **超时控制与链路追踪**：设计全链路 `context` 传递规范，集成 Jaeger 实现调用链分析。   - **容错与降级**：为外部依赖（库存、支付）增加熔断和重试机制。  ### 3. 关键技术决策与思考过程  #### 决策一：服务拆分 – 订单与库存独立，通过 gRPC 通信  **思考**：   - 原有订单服务直接操作库存表，导致库存逻辑变更时必须同时修改订单代码。   - 我们采用 **DDD** 识别出“订单聚合”与“库存聚合”是两个不同的业务边界。   - 权衡性能与一致性：订单创建需要锁定库存，如果使用 HTTP 同步调用会增加延迟。最终选择 **gRPC + 重试 + 幂等**，并设计本地消息表实现最终一致性。    **结果**：库存服务独立迭代，故障时可通过熔断保护订单主流程。  #### 决策二：订单状态机 – 基于 channel 的异步模型而非状态模式类  **思考**：   - 传统 OOP 状态模式在 Go 中实现较为笨重，且需要大量锁保护状态切换。   - 我们选择 **单 goroutine 处理单个订单的所有状态变更**，外部通过 channel 发送事件。     - 优点：串行化事件，无需加锁；天然避免竞态条件。     - 代价：每个订单对应一个长期运行的 goroutine，需要严格控制生命周期。   - 为了防泄漏，我们结合 `context.WithCancel` + 超时回收 + 监控指标，确保终态订单的 goroutine 会被回收。    **结果**：状态机 P99 延迟 12ms，无 goroutine 泄漏，且流转逻辑集中在一处，易于测试。  #### 决策三：数据库优化 – 使用 `sync.Pool` 复用对象，而非直接“优化连接池”  **思考**：   - 面试中常被误认为 `sync.Pool` 用于连接池，其实 `database/sql` 自带连接池。   - 我们观察到高频查询接口（批量查订单）每次产生大量临时 `[]Order` 切片和 `bytes.Buffer`，GC 压力大。   - 使用 `sync.Pool` 复用这些对象，重置后再放回。   - 风险：对象必须彻底重置，否则会污染下次使用；且 pool 中对象随时可能被 GC 回收，不能当作持久缓存。    **结果**：内存分配次数减少 73%，P99 延迟下降 37%，GC 暂停时间减半。  #### 决策四：全链路超时控制 – 每个 RPC 调用必须传递 `context`，且设置合理超时  **思考**：   - 早期版本中，部分调用使用了 `context.Background()`，导致上游取消后下游仍在执行。   - 我们制定了严格规范：所有函数第一参数为 `context.Context`，入口层（HTTP/gRPC）创建带超时的 context。   - 对于跨服务调用，使用 `context.WithTimeout` 且不覆盖父 context，确保总超时不超过入口剩余时间。   - 同时利用 `context.AfterFunc`（Go 1.21+）在取消时清理资源。    **结果**：超时错误率 < 0.01%，用户关闭浏览器后 50ms 内整个调用链停止，避免资源浪费。  #### 决策五：容错设计 – 非核心功能异步化 + 熔断降级  **思考**：   - 订单创建成功后需要发送短信、更新统计等，这些不应阻塞主流程。   - 我们使用 **Kafka** 异步解耦：订单服务只发送“订单创建成功”事件，下游消费者处理次要逻辑。   - 对于库存服务等强依赖，设置熔断器（hystrix-go）：连续失败 5 次则快速失败，并返回友好提示。   - 同时提供降级方案：库存服务不可用时，允许“预占库存”转为异步确认（人工审核）。    **结果**：即使库存服务宕机 30 分钟，订单创建成功率仍保持在 98% 以上（降级后为“单确认”模式）。  ---  ## 四、项目成果与量化数据  | 指标                  | 重构前（PHP） | 重构后（Golang） | 提升     | |-----------------------|---------------|------------------|----------| | 峰值 QPS              | 800           | 2500             | +212%    | | 平均响应时间（P99）    | 2100 ms       | 245 ms           | -88%     | | 服务可用性            | 99.5%         | 99.99%           | +0.49%   | | 发布时长（全量）       | 30 分钟       | 5 分钟（灰度）   | -83%     |  此外，团队开发效率明显提升：新需求开发周期从 2 周缩短到 5 天，因为微服务边界清晰，可并行开发。  ---  ## 五、总结  在订单中台重构中，我不仅编写了高质量的 Golang 代码，更重要的是 **在每一个技术决策上进行了充分的权衡**：   - **异步状态机** 换来了简单且并发安全的实现，代价是必须管理 goroutine 生命周期。   - **sync.Pool** 换来了 GC 压力降低，代价是代码复杂度增加（需要正确重置对象）。   - **全链路 context** 换来了弹性超时与取消传播，代价是团队需要严格遵守规范。    这些经验让我深刻理解：**架构设计不是银弹，而是在约束条件下寻找最合适的折衷**。希望未来能在贵公司的复杂业务场景中继续沉淀和输出这种思考能力。',NULL,NULL,NULL,1775747311),
(42,10,'assistant','{\n  \"question\": \"你在项目中遇到的最大挑战是什么？具体是如何解决的？请详细描述问题分析、解决方案的制定过程以及最终效果。\",\n  \"score\": 92,\n  \"feedback\": \"回答非常出色，结构清晰，逻辑严谨，技术细节丰富，展现了扎实的技术功底和良好的架构设计能力。量化成果明确，思考过程深入，体现了优秀的工程素养。建议可以进一步突出团队协作和沟通方面的经验。\",\n  \"questionType\": \"project\",\n  \"sessionEnd\": false\n}','project',92.00,'回答非常出色，结构清晰，逻辑严谨，技术细节丰富，展现了扎实的技术功底和良好的架构设计能力。量化成果明确，思考过程深入，体现了优秀的工程素养。建议可以进一步突出团队协作和沟通方面的经验。',1775747315),
(43,10,'user','在订单中台重构项目中，我遇到的最大挑战是：**在微服务拆分后，如何保证订单创建与库存锁定这两个独立服务之间的数据最终一致性**。下面我会详细描述问题的发现过程、方案选型、实现细节以及最终效果。  ---  ## 一、问题背景与分析  ### 1. 业务场景 用户下单时，需要同时完成： - 订单服务：创建订单记录（状态=待支付） - 库存服务：锁定相应商品库存（防止超卖）  原有单体架构中，这两个操作在一个数据库事务里完成。拆分为独立服务后，订单服务通过 gRPC 调用库存服务。  ### 2. 出现的具体问题 上线初期，我们采用了同步调用 + 重试的简单方案： ```go // 订单服务伪代码 func CreateOrder(req) error {     tx := db.Begin()     order := createOrderRecord(tx)     // 调用库存服务锁定库存     err := stockClient.LockStock(order.Items)     if err != nil {         tx.Rollback()         return err     }     tx.Commit() } ```  然而，在高峰期（如双十一预热）出现了以下异常： - **库存服务超时**：库存服务因 DB 连接池瓶颈偶尔响应超过 3 秒，订单服务等待超时后回滚本地事务，但库存服务实际已扣减成功（因为重试或异步处理）。结果：用户未下单成功，库存却被占用。 - **订单服务提交失败**：订单服务在 `Commit` 时发生网络闪断，订单实际已写入但客户端收到错误，用户重试导致重复订单。 - **库存服务不可用**：库存服务短暂宕机，导致所有订单创建失败，业务受损。  ### 3. 根本原因 - 两个服务分别拥有独立数据库，无法使用本地 ACID 事务。 - 简单同步调用 + 重试无法处理“调用超时但实际成功”的歧义。 - 缺乏兜底机制：库存锁定后若订单最终失败，没有自动释放库存的流程。  ---  ## 二、解决方案制定过程  我们需要一个 **分布式事务** 方案，保证订单与库存的最终一致性。备选方案对比：  | 方案           | 优点                         | 缺点                           | 是否采用 | |----------------|------------------------------|--------------------------------|----------| | **2PC（两阶段提交）** | 强一致性                     | 性能差、实现复杂、协调器单点     | ❌        | | **TCC（Try-Confirm-Cancel）** | 高性能、灵活               | 侵入业务，需要实现三个接口       | ⚠️ 部分   | | **本地消息表 + 消息队列** | 可靠、易实现                 | 需要轮询或定时任务               | ✅ 主方案 | | **Saga（编排/协调）** | 适合长事务，可回滚           | 补偿逻辑复杂，需记录执行状态     | ✅ 辅助   |  最终我们采用 **本地消息表 + RocketMQ** 作为主方案，并针对特殊场景（如库存服务长时间不可用）引入 **Saga 补偿**。  ### 方案核心思想： 1. **订单服务**在本地事务中同时写入“订单记录”和“消息表”（状态=待发送）。 2. 异步发送消息到 MQ，确保发送成功后更新消息状态为“已发送”。 3. **库存服务**消费消息，执行库存锁定，成功后回发“锁定成功”事件。 4. 若订单最终支付超时被取消，则通过另一条“释放库存”消息补偿。  ---  ## 三、具体实现细节  ### 1. 订单创建流程（本地消息表）  ```sql CREATE TABLE `order_msg` (   `id` bigint PRIMARY KEY,   `order_id` varchar(64),   `event_type` varchar(32),  -- \'CREATE_ORDER\'   `payload` text,   `status` tinyint,          -- 0=待发送, 1=已发送, 2=失败待重试   `retry_count` int,   `next_retry_time` datetime ); ```  订单服务代码： ```go func (s *OrderService) CreateOrder(ctx context.Context, req *CreateReq) error {     tx := s.db.Begin()     // 1. 插入订单主表     order := &Order{ID: genID(), Status: \"pending_pay\", ...}     if err := tx.Create(order).Error; err != nil {         tx.Rollback()         return err     }     // 2. 插入本地消息表     msg := &OrderMsg{         OrderID:   order.ID,         EventType: \"LOCK_STOCK\",         Payload:   marshal(req.Items),         Status:    0,     }     if err := tx.Create(msg).Error; err != nil {         tx.Rollback()         return err     }     if err := tx.Commit(); err != nil {         return err     }     // 3. 异步发送到 MQ（非事务，利用重试保证最终投递）     go s.sendToMQ(msg)     return nil } ```  ### 2. 可靠消息发送（后台补偿）  后台定时任务（每 5 秒）扫描状态为 0 或 2 且 `next_retry_time <= now` 的消息，重新发送： ```go func (s *OrderService) retryMessageLoop() {     for {         msgs := s.findPendingMessages(limit=100)         for _, msg := range msgs {             if err := s.sendToMQ(msg); err == nil {                 s.updateMsgStatus(msg.ID, 1) // 已发送             } else {                 s.incrRetry(msg.ID)             }         }         time.Sleep(5 * time.Second)     } } ```  ### 3. 库存服务消费与幂等  库存服务监听 `LOCK_STOCK` 队列，消费时必须实现 **幂等**，防止重复锁定： ```go func (s *StockService) HandleLockStock(msg *Message) error {     // 使用 Redis 分布式锁 + 唯一消息 ID     lockKey := \"msg:\" + msg.ID     if !s.redis.SetNX(lockKey, \"1\", 10*time.Minute) {         return nil // 已处理过，直接确认     }     // 检查是否已经锁定（根据 order_id）     if s.alreadyLocked(msg.OrderID) {         return nil     }     // 执行业务锁定库存     err := s.lockInventory(msg.Items)     if err != nil {         return err // 重试     }     // 记录锁定记录（用于后续补偿）     s.recordLock(msg.OrderID, msg.Items)     return nil } ```  ### 4. 失败补偿（Saga 模式）  如果订单最终因用户取消或支付超时变为“已取消”，订单服务需要发送 `RELEASE_STOCK` 消息： ```go func (s *OrderService) CancelOrder(orderID string) {     // 更新订单状态     // 发送释放库存消息     s.sendReleaseStockMsg(orderID) } ```  库存服务消费 `RELEASE_STOCK` 消息，释放对应库存（同样需幂等）。  **特殊情况处理**：若库存服务长时间不可用，导致订单已取消但库存未释放，我们有一个独立的 **对账服务**：每天凌晨扫描“超过 30 分钟未支付的订单”与“库存锁定记录”，自动生成释放脚本并告警。  ---  ## 四、最终效果与数据  1. **一致性**：上线后运行 6 个月，未发生“订单不存在但库存占用”或“订单成功但未锁定库存”的情况。对账服务累计发现 3 次因网络分区导致的短暂不一致，均被自动补偿纠正。   2. **性能**：订单创建不再同步等待库存服务，P99 延迟从 280ms 降至 110ms（因为移除了同步 RPC）。   3. **吞吐**：订单创建 QPS 从 1500 提升到 4000（瓶颈转移至数据库写入）。   4. **容错**：库存服务故障时，订单创建仍能成功（订单状态为“待库存确认”），库存恢复后消息被消费，最终一致。用户侧体验为“下单后稍后可见库存状态”。  ---  ## 五、踩过的坑与反思  - **消息积压**：初期未设置消费者并发数，库存服务一次只拉 1 条消息，导致高峰期延迟。后改为 `consumer goroutine pool (20 workers)` + 批量确认。   - **重复消费**：即使有 Redis 锁，消费者重启时可能重复处理。最终改用 **数据库唯一索引**（消息 ID + 订单 ID）作为最后防线。   - **补偿安全**：释放库存时，必须校验订单当前状态确实是“已取消”，防止在订单支付成功的同时错误释放。我们在释放消息中携带订单状态快照，并在库存服务再次确认。  **总结**：这个挑战让我深刻理解了 **“可靠事件模式”** 的工程实践。分布式系统没有完美的强一致性，但通过本地消息表 + MQ + 幂等消费 + 对账补偿，可以在性能和一致性之间取得良好的平衡。这个方案也成为团队内部微服务数据一致性的标准模板。',NULL,NULL,NULL,1775747376),
(44,10,'assistant','{\n  \"question\": \"你提到了使用Go语言，能详细讲讲Go的协程调度机制吗？包括G、M、P的概念，以及调度器是如何进行协程调度和抢占的？\",\n  \"score\": 95,\n  \"feedback\": \"回答极其出色，展现了深厚的分布式系统设计经验。问题分析透彻，方案对比全面，实现细节具体且有深度，量化效果明确，反思深刻。体现了优秀的系统设计能力和解决复杂问题的工程思维。\",\n  \"questionType\": \"technical\",\n  \"sessionEnd\": false\n}','technical',95.00,'回答极其出色，展现了深厚的分布式系统设计经验。问题分析透彻，方案对比全面，实现细节具体且有深度，量化效果明确，反思深刻。体现了优秀的系统设计能力和解决复杂问题的工程思维。',1775747381),
(45,10,'user','这是一个非常核心的 Go 语言面试题。我会从 **G、M、P 的概念**、**调度循环**、**抢占机制** 以及 **Go 1.14 之后的改进** 几个方面详细解释。  ---  ## 一、G、M、P 模型  Go 的调度器实现了 **用户态线程（goroutine）** 到 **内核线程** 的映射，其核心是三个结构：  | 组件 | 全称 | 作用 | 类比 | |------|------|------|------| | **G** | Goroutine | 代表一个协程，包含栈、指令指针、状态等信息。 | 待执行的任务 | | **M** | Machine | 代表一个操作系统内核线程，实际执行 G 的代码。 | 工人 | | **P** | Processor | 代表执行 Go 代码所需的资源（如调度队列、本地缓存）。 | 调度器上下文 / 工人手里的工具 |  > 关键点：**P 的数量决定了系统最大的并行度**（通常等于 CPU 核心数）。M 必须绑定一个 P 才能执行 G。  ### 三者关系图（概念） ```          P (本地队列)                  P (本地队列)          ↓                           ↓    [G1,G2,G3]                    [G4,G5,G6]          ↓                           ↓          M                           M          ↓                           ↓        OS Thread                   OS Thread ``` 此外还有一个 **全局运行队列**（Global Run Queue），当本地队列为空时，P 会从全局队列偷取或从其他 P 偷取（work stealing）。  ---  ## 二、调度循环（典型的调度过程）  1. **创建 G**：`go func()` 创建一个 G，优先放入当前 P 的本地队列（如果队列满则放入全局队列）。 2. **M 执行**：M 通过 `schedule()` 函数循环获取一个可运行的 G：    - 每执行 61 次调度，优先从全局队列取一次（避免全局队列饥饿）    - 否则从当前 P 的本地队列取    - 本地队列空，则尝试从其他 P 偷取一半 G（work stealing）    - 都空，则 M 与 P 解绑，M 休眠（或自旋等待） 3. **执行 G**：M 调用 `gogo()` 切换到 G 的栈执行。 4. **阻塞处理**：如果 G 因系统调用（如 `read`）阻塞，M 会与 P 解绑，P 找其他空闲 M 继续执行，而阻塞的 M 和 G 待系统调用返回后再尝试重新绑定 P。  ---  ## 三、调度器的抢占机制  ### 早期（Go 1.14 之前）：协作式抢占 - Goroutine 只在 **函数调用** 或 **某些明确位置**（如 channel 操作、time.Sleep）才会主动让出（通过 `morestack` 检查调度标志）。 - 问题：如果一个 Goroutine 执行死循环（如 `for {}`）且没有函数调用，它会永久占用线程，导致其他 G 饥饿，甚至无法进行 GC。  ### Go 1.14+：基于信号的异步抢占 - 调度器为每个 P 启动一个 **监控线程（sysmon）**，定期（约 10ms）检测运行超过一定时间的 G。 - 如果发现一个 G 运行超过 **10ms**，监控线程会向该 G 所在 M 发送 **SIGURG 信号**。 - 信号处理函数保存当前 G 的寄存器状态，并调用 `preemptPark` 让出 G，重新调度。 - 这样即使 `for {}` 也会被强制抢占。  **实现要点**： - 信号触发后，通过 `sigaltstack` 切换到专用信号栈，不破坏原有栈。 - 设置 `g.preempt = true`，并在 `m.signalPending` 标记。 - 被抢占的 G 会被放回运行队列，下次继续执行。  ### 系统调用阻塞时的抢占 - 当 G 进入系统调用（如 `read`），M 会释放 P 给其他 M 使用。 - 如果系统调用时间过长（>20µs），sysmon 会将 P 从该 M 剥离，并唤醒其他 M 接管 P。 - 系统调用返回后，原 M 需要重新获取 P（或把 G 放回全局队列）。  ---  ## 四、关键数据结构（简略）  ```go type g struct {     stack       stack       // 栈内存     sched       gobuf       // 程序计数器、栈指针等     atomicstatus uint32     // G 状态（_Grunning, _Grunnable, _Gwaiting...）     preempt     bool        // 抢占标志     ... }  type p struct {     id          int32     status      uint32      // _Pidle, _Prunning, _Psyscall...     runqhead    uint32     runqtail    uint32     runq        [256]guintptr  // 本地运行队列（环形）     runnext     guintptr       // 下一个执行的 G（高优先级）     ... }  type m struct {     g0          *g          // 调度栈（用于调度切换）     curg        *g          // 当前正在执行的 G     p           puintptr    // 当前绑定的 P     ... } ```  ---  ## 五、调度器参数与调优  - **`GOMAXPROCS`**：设置最大 P 数量（并行度），默认 CPU 核心数。 - **`runtime.Gosched()`**：手动让出当前 G 到运行队列尾部。 - **`runtime.LockOSThread()`**：将当前 G 永久绑定到 M（用于 CGO 或特殊需求）。 - **`runtime.NumGoroutine()`**：查看当前 G 数量。  ---  ## 六、面试中常见追问与答案  **Q：为什么 P 的数量通常等于 CPU 核数？**   A：P 代表可以并行执行 Go 代码的上下文。多于 CPU 核数会导致频繁的上下文切换；少于则浪费 CPU。  **Q：G 的状态有哪些？**   A：`_Gidle`（刚分配）、`_Grunnable`（可运行）、`_Grunning`（执行中）、`_Gsyscall`（系统调用中）、`_Gwaiting`（阻塞，如 channel）、`_Gdead`（已结束）。  **Q：如何观察调度行为？**   A：设置 `GODEBUG=schedtrace=1000` 可以每 1 秒打印调度器状态；或用 `go tool trace` 分析。  **Q：抢占是否保证公平？**   A：是的，基于时间的抢占 + work stealing 保证了公平性。但极端情况下（如大量短时间 G）可能仍会有饥饿，但很少见。  ---  ## 总结（面试收尾）  > Go 的 GMP 模型通过 **用户态调度 + work stealing + 异步抢占**，实现了高效的 M:N 协程管理。P 作为核心调度资源，与 M 解耦，使得系统调用阻塞不影响并行度。Go 1.14 之后的信号抢占解决了死循环带来的调度问题，确保了调度的公平性和 GC 的及时性。理解这些机制有助于写出高性能的 Go 程序，比如避免过度创建 G、合理设置 GOMAXPROCS，以及识别阻塞点。',NULL,NULL,NULL,1775747432),
(46,10,'assistant','{\n  \"question\": \"请解释一下Redis的持久化机制，包括RDB和AOF的原理、优缺点，以及在实际项目中你是如何选择和配置的？\",\n  \"score\": 98,\n  \"feedback\": \"回答堪称教科书级别，展现了极其深厚的Go语言底层知识。从GMP模型到调度循环，再到抢占机制演进，讲解清晰、准确、深入，且包含了实际调优和常见追问，体现了卓越的技术深度和表达能力。\",\n  \"questionType\": \"technical\",\n  \"sessionEnd\": false\n}','technical',98.00,'回答堪称教科书级别，展现了极其深厚的Go语言底层知识。从GMP模型到调度循环，再到抢占机制演进，讲解清晰、准确、深入，且包含了实际调优和常见追问，体现了卓越的技术深度和表达能力。',1775747437),
(47,10,'user','Redis 的持久化机制主要包括 **RDB（快照）** 和 **AOF（追加文件）**，以及从 Redis 4.0 开始支持的 **混合持久化**。下面我会先解释两者的原理、优缺点，再结合我在订单中台项目中的实际选择与配置进行说明。  ---  ## 一、RDB（Redis Database）  ### 1. 原理 RDB 通过创建数据集的时间点快照来持久化。   - 触发方式：     - 手动：`SAVE`（阻塞主进程）或 `BGSAVE`（fork 子进程在后台保存）。     - 自动：根据配置 `save <seconds> <changes>`，如 `save 900 1`（900 秒内至少 1 次修改则触发 BGSAVE）。   - 流程：fork 子进程 → 子进程将当前内存数据写入临时 RDB 文件 → 完成后替换旧文件。  ### 2. 优点 - **性能高**：fork 子进程后，父进程继续处理请求，仅子进程做 I/O。   - **恢复快**：RDB 文件是紧凑的二进制文件，加载速度远快于 AOF。   - **体积小**：压缩后存储，适合备份和异地容灾。  ### 3. 缺点 - **数据丢失风险**：两次快照之间的数据会丢失（例如每 5 分钟一次快照，宕机丢失最多 5 分钟数据）。   - **fork 开销**：当内存很大（如 20GB+）时，fork 可能耗时较长（取决于系统写时复制技术），导致主进程短暂阻塞。  ---  ## 二、AOF（Append Only File）  ### 1. 原理 记录每个写操作命令（如 `SET`, `LPUSH`）到日志文件，Redis 重启时重放所有命令来恢复数据。   - **同步策略**：通过 `appendfsync` 控制：     - `always`：每次写命令都同步到磁盘（最安全，最慢）。     - `everysec`：每秒同步一次（默认，折衷）。     - `no`：由操作系统决定刷盘时机。   - **重写（rewrite）**：AOF 文件会越来越大，Redis 提供 `BGREWRITEAOF` 来压缩（例如将多条 `INCR` 合并为一条 `SET`）。  ### 2. 优点 - **数据更安全**：最多丢失 1 秒数据（`everysec` 配置）。   - **可读性强**：AOF 文件是纯文本命令，便于手动修复误操作（例如删除 `FLUSHALL` 命令）。   - **自动重写**：可以设置重写条件（如文件大小增长 100%）。  ### 3. 缺点 - **文件体积大**：比 RDB 大得多，即使重写后也通常更大。   - **恢复慢**：重放命令比加载 RDB 慢，尤其写量大的场景。   - **潜在 fsync 性能瓶颈**：`always` 策略下写性能大幅下降。  ---  ## 三、混合持久化（Redis 4.0+）  - **原理**：AOF 重写时，先以 RDB 格式写入文件头部，再追加后续的增量 AOF 命令。   - **优点**：兼顾 RDB 的快速恢复和 AOF 的低数据丢失（重启时先加载 RDB 部分，再执行 AOF 命令）。   - **开启**：`aof-use-rdb-preamble yes`。  ---  ## 四、实际项目中的选择与配置  在 **订单中台重构项目** 中，Redis 主要用于：   - 缓存热点订单数据（key 如 `order:12345`）。   - 分布式锁（`redlock` 实现）。   - 存储用户购物车（hash 结构）。    ### 1. 持久化策略选择 由于订单数据最终存储在 MySQL，Redis 作为缓存可以容忍少量丢失（丢失后可回源 DB）。但购物车数据相对重要，且用户可能长时间未结算，我们决定：  - **主节点**：开启 **AOF（`everysec`）** + **关闭 RDB**（避免 fork 影响延迟）。   - **从节点**：开启 **RDB** 用于冷备和快速重建。   - **同时开启混合持久化**（Redis 4.0+）：兼顾恢复速度与数据安全。  ### 2. 具体配置（redis.conf 关键项）  ```conf # ===== RDB 相关 ===== save \"\"                 # 关闭自动 RDB（手动触发 BGSAVE 用于备份） stop-writes-on-bgsave-error yes rdbcompression yes dbfilename \"dump.rdb\" dir \"/var/lib/redis\"  # ===== AOF 相关 ===== appendonly yes appendfilename \"appendonly.aof\" appendfsync everysec      # 每秒刷盘，平衡性能与安全 no-appendfsync-on-rewrite no   # 重写时仍然 fsync，避免丢失 auto-aof-rewrite-percentage 100 auto-aof-rewrite-min-size 64mb  # ===== 混合持久化 ===== aof-use-rdb-preamble yes ```  ### 3. 备份与恢复策略 - **每天凌晨**：在从节点执行 `BGSAVE`，将 RDB 文件备份到异地存储（S3/OSS）。   - **AOF 重写**：设置 cron 任务在低峰期（凌晨 3 点）执行 `BGREWRITEAOF` 压缩文件。   - **灾难恢复演练**：每季度从备份 RDB + AOF 恢复完整 Redis 实例，验证 RTO < 30 分钟。  ### 4. 监控指标 - `rdb_last_save_time`：最近 RDB 保存时间   - `aof_last_write_status`：AOF 写入是否成功   - `aof_current_size` / `aof_base_size`：监控增长趋势，触发重写告警    使用 Prometheus + Grafana 展示，当 `aof_last_write_status` 为 `err` 时立即告警。  ---  ## 五、为什么这样选择？（决策思考）  | 场景                  | 选择原因                                                                 | |-----------------------|--------------------------------------------------------------------------| | **主节点用 AOF everysec** | 保证缓存数据最多丢失 1 秒，同时不影响大部分写性能。                       | | **关闭主节点 RDB**        | 避免周期性 fork 阻塞主线程（我们 Redis 实例内存约 12GB，fork 需 200ms）。 | | **从节点用 RDB**          | 用于冷备，且恢复速度远快于 AOF，便于快速重建从库。                       | | **开启混合持久化**        | 当需要从 AOF 恢复时，先加载 RDB 部分（快），再回放少量 AOF 命令。         | | **不开启 `always`**       | 写 QPS 高达 3w，`always` 会降低至 1w 以下，不可接受。                    |  ---  ## 六、踩过的坑与优化  - **fork 耗时过长**：某次内存膨胀到 20GB，`BGSAVE` 导致主进程停顿 2 秒。解决方案：调整 `vm.overcommit_memory=1`，并使用更快的 SSD。   - **AOF 文件损坏**：断电后 AOF 尾部不完整，Redis 启动失败。我们配置了 `aof-load-truncated yes` 自动截断，并保留备份。   - **重写时磁盘 IO 飙升**：将 `auto-aof-rewrite-min-size` 提高到 256MB，并限制重写时使用的带宽（配合 `ionice`）。  ---  ## 七、总结  > 在生产环境中，**没有银弹**。对于订单缓存这种可容忍少量丢失的场景，我们选择了 AOF everysec + 混合持久化 + 从节点 RDB 备份。关键是根据业务的数据重要性、性能要求、内存大小以及运维成本做权衡。同时，务必配合监控和定期恢复演练，才能确保持久化机制真正可靠。',NULL,NULL,NULL,1775747489),
(48,10,'assistant','{\n  \"question\": \"如果让你设计一个高并发的消息队列系统，你会如何设计？请从架构设计、核心组件、数据一致性、高可用性和性能优化等方面详细阐述。\",\n  \"score\": 96,\n  \"feedback\": \"回答非常全面且专业，不仅准确阐述了RDB、AOF和混合持久化的原理与优缺点，还紧密结合了实际项目经验，给出了具体的配置、决策思考和运维实践，体现了优秀的工程落地能力。\",\n  \"questionType\": \"design\",\n  \"sessionEnd\": false\n}','design',96.00,'回答非常全面且专业，不仅准确阐述了RDB、AOF和混合持久化的原理与优缺点，还紧密结合了实际项目经验，给出了具体的配置、决策思考和运维实践，体现了优秀的工程落地能力。',1775747493),
(49,10,'user','设计一个高并发、高可靠的消息队列系统（类似 Kafka / Pulsar 的简化版），需要从多个维度系统性地思考。以下是我的设计方案，聚焦于 **架构设计、核心组件、数据一致性、高可用性、性能优化** 以及一些工程实践。  ---  ## 一、总体架构设计  ### 1. 核心角色 - **Producer**：消息生产者，支持同步/异步发送、批量发送、压缩。 - **Broker Cluster**：消息代理集群，负责消息存储、路由、消费调度。 - **Consumer**：消费者，支持推/拉模式，消费组实现负载均衡。 - **Metadata Service**：存储 Topic/Partition 元数据、Broker 健康状态、消费者组偏移量（可使用 etcd / ZooKeeper / Raft）。  ### 2. 数据模型 - **Topic**：逻辑消息队列，可划分为多个 **Partition**（分区）。 - **Partition**：物理上的顺序日志文件（分段存储，每个 segment 1GB），消息在分区内有序。 - **Offset**：分区内消息的唯一递增 ID（逻辑偏移量）。 - **Consumer Group**：组内多个消费者共享消费进度，每条消息只被组内一个消费者处理。  ### 3. 架构图（逻辑） ``` [Producer] --(send)--> [Load Balancer] --> [Broker Leader (Partition 0)]                                               |                                               v [Consumer Group A] <--(pull)--- [Broker Follower (Partition 0)] ``` 每个 Partition 有一个 Leader Broker 负责读写，多个 Follower 副本同步数据（类似 Kafka）。  ---  ## 二、核心组件设计  ### 1. Producer 组件 - **发送接口**：`Send(topic, key, value)`，支持同步和异步（回调）。 - **分区策略**：默认轮询，若指定 key 则哈希到同一分区（保证顺序）。 - **批量发送**：内存中攒批（按分区），达到大小或时间阈值后发送。 - **压缩**：支持 Snappy、LZ4、ZSTD，减少网络带宽。 - **重试与幂等**：启用幂等后，每个 Producer 有唯一 ID，消息带序列号，Broker 去重。  ### 2. Broker 组件 每个 Broker 管理多个 Partition（Leader 或 Follower）。核心模块： - **Network Layer**：基于 Reactor 模型（或 goroutine per connection），处理协议解析（自定义二进制协议或 Kafka 协议兼容）。 - **Log Manager**：管理 Partition 的日志段（Segment），提供追加、读取、刷盘、清理等接口。 - **Replication Manager**：负责 Leader-Follower 数据同步，处理 ISR（In-Sync Replicas）维护。 - **Coordinator**：管理消费者组重平衡、事务协调（如果支持事务）。 - **Metadata Cache**：缓存在内存中的 Topic/Partition 元数据。  ### 3. Consumer 组件 - **拉取模型**：消费者主动拉取（Pull），避免推送导致消费者过载。 - **长轮询**：若没有新消息，Broker 挂起请求最多 1 秒，减少空轮询。 - **消费进度提交**：消费者可以自动或手动提交 Offset（提交到 __consumer_offsets 内部 topic）。 - **负载均衡**：使用一致性哈希或 Sticky Assignor 分配分区给消费者。  ---  ## 三、数据一致性设计  ### 1. 消息不丢失保证 - **生产端**：`acks=all`（Leader 等待所有 ISR 副本确认后才返回成功）；配合 `retries` 和幂等。 - **Broker 端**：消息先写入 Page Cache，异步刷盘（但依赖副本保证，因为只要有一个存活副本即可不丢）。对于关键消息可设置 `flush.messages=1` 强制刷盘（性能下降）。 - **消费端**：先处理业务逻辑，再提交 Offset（至少一次语义）。业务幂等处理避免重复。  ### 2. 副本同步协议 - 使用改进的 **Raft** 或 **ISR + Leader epoch** 方案（类似 Kafka）。 - 写入流程：   1. Producer 请求 Leader。   2. Leader 将消息写入本地日志，并并行发送给 Follower。   3. 等待至少 `min.insync.replicas`（例如 2）个副本确认。   4. 返回 ACK 给 Producer。 - 读取流程：默认从 Leader 读取（保证强一致），可配置允许从 Follower 读（最终一致，用于高吞吐场景）。  ### 3. 事务与 Exactly-Once 语义 - **幂等 Producer**：去重基于 `(ProducerID, SequenceNumber)`。 - **跨分区事务**：引入事务协调器，使用两阶段提交（2PC） + 事务日志。实现原子性地向多个分区写入消息。 - **消费端 Exactly-Once**：通过将消费结果和 Offset 提交放在同一个原子操作中（如使用数据库事务或 Kafka 事务 API）。  ---  ## 四、高可用性设计  ### 1. Broker 高可用 - **集群化**：至少 3 个 Broker，每个 Partition 有 3 个副本（Leader + 2 Follower）。 - **故障转移**：当 Leader 宕机，Controller（由 Metadata Service 选举）从 ISR 中选举新 Leader。优先选择 ISR 中 offset 最靠前的副本。 - **副本恢复**：新 Leader 建立后，Follower 从 Leader 拉取缺失数据，追上后加入 ISR。  ### 2. 元数据高可用 - 使用 **etcd** 集群（3 或 5 节点）存储：Topic 配置、Partition 分配、Broker 列表、Consumer Group Offset（可单独存储）。 - etcd 本身基于 Raft，保证强一致性和高可用。  ### 3. 消费者组高可用 - Group Coordinator 负责管理消费者组成员和 Offset 提交。如果 Coordinator 所在 Broker 宕机，其他 Broker 接管（通过元数据服务重新分配）。 - 消费者组会触发重平衡（Rebalance），使用 `Cooperative Rebalance` 协议减少 Stop-The-World 时间。  ### 4. 容灾与备份 - 跨机房部署：至少两个数据中心，通过 **MirrorMaker** 异步复制数据。 - 定期备份：将 Segment 文件归档到 HDFS 或云存储。  ---  ## 五、性能优化措施  ### 1. 存储层优化 - **顺序写**：每个 Partition 的日志文件是只追加的，利用磁盘顺序写的高吞吐。 - **分段 + 索引**：每个 Segment 对应一个 `.log` 和一个 `.index`（稀疏索引，存储 offset 到物理位置的映射）。 - **零拷贝**：消费时使用 `sendfile` 系统调用，直接从 Page Cache 发送到 Socket，避免用户态拷贝。 - **页缓存**：写入只刷新到 Page Cache，异步刷盘。读取命中缓存则极快。  ### 2. 网络与并发优化 - **批量处理**：Producer 批量发送，Broker 批量确认，Consumer 批量拉取。 - **零拷贝网络**：gRPC 支持零拷贝，或自定义协议使用 `splice`。 - **异步刷盘与合并写入**：Broker 将多个小写入合并为一个物理 I/O（例如累积 1MB 或 100ms 刷一次）。 - **内存池**：使用 `sync.Pool` 复用缓冲区、请求对象，减少 GC。  ### 3. 消费者优化 - **预取（Prefetch）**：一次拉取多条消息（如 500 条），减少 RPC 次数。 - **并发处理**：消费者内部使用 goroutine 池处理消息，但注意顺序要求（分区内顺序需要串行或严格依赖 key）。 - **长轮询**：避免空请求循环，节省 CPU。  ### 4. 操作系统/Go 特定调优 - **设置 `GOMAXPROCS`** 等于 CPU 核数。 - **使用 `runtime.LockOSThread`** 对于 I/O 密集型 goroutine 可以减少调度延迟（可选）。 - **磁盘调优**：使用 XFS 文件系统，挂载参数 `noatime,nodiratime`，预分配磁盘空间避免碎片。 - **网络调优**：增大 TCP 缓冲区，启用 `TCP_NODELAY`。  ---  ## 六、关键代码示例（Go 风格）  ### 1. Producer 批量发送 ```go type Batch struct {     topic     string     partition int     messages  []*Message     flushCh   chan struct{} }  func (p *AsyncProducer) send(msg *Message) {     b := p.getOrCreateBatch(msg.Topic, msg.Partition)     b.mu.Lock()     b.messages = append(b.messages, msg)     if len(b.messages) >= p.batchSize {         b.flush()     }     b.mu.Unlock() } ```  ### 2. Broker 追加消息 ```go func (partition *Partition) AppendMessages(msgs []*Message) ([]int64, error) {     partition.writeMu.Lock()     defer partition.writeMu.Unlock()     offsets := make([]int64, len(msgs))     for i, msg := range msgs {         offset := partition.nextOffset         msg.Offset = offset         if err := partition.activeSegment.Append(msg); err != nil {             return nil, err         }         partition.nextOffset++         offsets[i] = offset     }     // 异步刷盘，不阻塞     go partition.activeSegment.FlushAsync()     return offsets, nil } ```  ### 3. 副本同步（简化） ```go func (l *LeaderReplica) replicateToFollowers(msgs []*Message) error {     var wg sync.WaitGroup     errCh := make(chan error, len(l.followers))     for _, f := range l.followers {         wg.Add(1)         go func(follower *FollowerClient) {             defer wg.Done()             if err := follower.Append(msgs); err != nil {                 errCh <- err             }         }(f)     }     wg.Wait()     close(errCh)     if len(errCh) > len(l.followers)-l.minISR {         return errors.New(\"insufficient acks\")     }     return nil } ```  ---  ## 七、总结与对比  | 维度         | 设计要点                                                                 | |--------------|--------------------------------------------------------------------------| | **架构**     | 分区 + 副本 + 元数据集群，支持水平扩展                                    | | **核心组件** | Producer（批量/压缩）、Broker（日志/副本/协调器）、Consumer（拉取/重平衡） | | **一致性**   | ISR + Leader epoch，acks=all，幂等 Producer，事务（可选）                 | | **高可用**   | 3 副本自动 Leader 选举，Controller 容错，跨机房异步复制                   | | **性能**     | 顺序写 + 零拷贝 + 页缓存 + 批量 + 长轮询 + 内存池                         |  这套设计在单机（8C16G）下可以达到 **写入 15 万 msg/s（每条 1KB）**，**消费 30 万 msg/s**。实际生产还需要集成监控（Prometheus）、限流（令牌桶）、平滑升级（蓝绿部署）等运维组件。  最终，消息队列系统是一个典型的 **分布式日志系统**，其核心权衡在于 **一致性、可用性、性能** 三者之间的选择。我的设计偏向于 **高吞吐 + 高可用**，通过副本机制保证了数据不丢失，同时允许用户根据业务需求调整一致性级别（如 acks=1 提高性能）。',NULL,NULL,NULL,1775747557),
(50,10,'assistant','{\n  \"question\": \"如果你的服务突然崩溃，你会如何排查和解决？请描述你的故障排查思路、工具使用和应急处理流程。\",\n  \"score\": 97,\n  \"feedback\": \"回答极其出色，展现了卓越的系统设计能力。从架构到组件，从一致性到高可用，再到性能优化，思考全面、深入、具体，且结合了Go语言的实现细节，体现了深厚的分布式系统功底和工程实践经验。\",\n  \"questionType\": \"scenario\",\n  \"sessionEnd\": false\n}','scenario',97.00,'回答极其出色，展现了卓越的系统设计能力。从架构到组件，从一致性到高可用，再到性能优化，思考全面、深入、具体，且结合了Go语言的实现细节，体现了深厚的分布式系统功底和工程实践经验。',1775747562),
(51,14,'user','候选人： 您好，我叫张明，有3年Golang后端开发经验。 技术栈上，我熟悉 Go 原生并发模型、gin/gRPC 框架、MySQL/PostgreSQL 以及 Redis 缓存。 上一份工作我主要负责公司订单中台的重构，用 Go 将原有 PHP 服务迁移为微服务架构，核心工作包括：  设计基于 goroutine + channel 的订单状态机，提升异步处理吞吐量30%  使用 context 超时控制 + sync.Pool 优化数据库连接池，降低 P99 延迟  接入 Jaeger 实现链路追踪，排查慢接口并优化了两次 GC 抖动问题 此外，我平时会阅读 Go 源码并输出技术博客。希望能加入贵团队，在高并发场景下继续沉淀工程能力。',NULL,NULL,NULL,1775749759),
(52,14,'assistant','{\n  \"question\": \"请详细介绍一下你的技术背景和项目经验，特别是你提到的订单中台重构项目，你在其中具体承担了哪些职责？\",\n  \"score\": 85,\n  \"feedback\": \"回答结构清晰，技术点具体（如goroutine、context、Jaeger），体现了实际经验。建议进一步量化成果（如具体吞吐量提升数值），并更详细说明个人在项目中的主导角色。\",\n  \"questionType\": \"self_intro\",\n  \"sessionEnd\": false\n}','self_intro',85.00,'回答结构清晰，技术点具体（如goroutine、context、Jaeger），体现了实际经验。建议进一步量化成果（如具体吞吐量提升数值），并更详细说明个人在项目中的主导角色。',1775749763),
(53,14,'user','好的，以下是对该追问的**详细回答示例**，贴合 Golang 后端开发场景：  ---  **面试官**：感谢你的介绍。你提到了订单中台重构项目，能否详细说明一下你在微服务架构设计中的具体角色？例如，你是如何设计服务拆分和接口定义的？  **候选人**：   在这个项目中，我担任**核心开发**，同时负责**部分服务拆分与接口协议设计**，技术决策需要与架构师对齐。具体来说：  ### 1. 服务拆分原则与结果 我们基于 **DDD（领域驱动设计）** 和业务边界进行拆分，避免出现“上帝服务”。   - **订单服务**：负责订单创建、状态流转、订单查询（核心聚合根）。   - **库存服务**：独立管理商品库存锁定/释放，通过消息队列与订单服务最终一致。   - **支付服务**：对接第三方支付，回调通知订单服务。   - **履约服务**：拆单、调度仓库发货。    我主导了**订单与库存的边界划分**：将“锁定库存”定义为库存服务的 RPC 接口，订单服务只记录锁定结果，不直接操作库存表。  ### 2. 接口定义实践（Golang 视角） - **协议选择**：内部服务间使用 **gRPC** + Proto3，跨语言且性能好；对前端提供 **HTTP/gRPC-Gateway**。   - **Proto 定义示例**（订单服务部分接口）：   ```protobuf   service OrderService {     rpc CreateOrder(CreateOrderReq) returns (CreateOrderResp);     rpc UpdateOrderStatus(UpdateStatusReq) returns (Empty);   }   message CreateOrderReq {     string user_id = 1;     repeated OrderItem items = 2;     int64 address_id = 3;   }   ``` - **错误处理**：使用 `google/rpc/status` 包装业务错误码，避免 HTTP 200 + 业务码的混乱。   - **接口幂等**：订单创建接口要求客户端传入 `idempotent_key`，服务端用 Redis + Lua 原子性检查，防止重复下单。  ### 3. Golang 工程化落地 - 为每个服务定义 **`service.go` 中的 interface**，方便 mock 测试：   ```go   type OrderRepository interface {       GetByID(ctx context.Context, id string) (*Order, error)       Save(ctx context.Context, order *Order) error   }   ``` - 使用 `wire` 做依赖注入，各服务启动时清晰组装 gRPC server、DB、Redis 等组件。   - 通过 **`interceptor`** 实现统一日志、panic 恢复、请求 ID 注入。  ### 4. 遇到的难点与我的解决方式 - **拆分后分布式事务**：订单创建涉及库存锁定、优惠券扣减。我们采用了 **Saga 模式** + 本地消息表，我用 Go 实现了异步回滚逻辑（通过 `channel` 处理补偿消息）。   - **接口版本管理**：gRPC 反射配合 `protoreflect`，在网关层做版本路由，支持多版本并存。  最终这套设计支撑了双十一期间 2k+ QPS，订单服务 P99 耗时控制在 50ms 以内。',NULL,NULL,NULL,1775749780),
(54,14,'assistant','{\n  \"question\": \"你在项目中遇到的最大挑战是什么？具体是如何解决的？可以结合你提到的分布式事务（Saga模式）或GC抖动优化来详细说明。\",\n  \"score\": 90,\n  \"feedback\": \"回答非常出色，详细阐述了服务拆分、接口设计、工程化实践，并量化了成果（2k+ QPS，P99<50ms）。体现了扎实的架构设计能力和Golang工程经验。建议可以更突出个人在技术决策和难点攻关中的具体行动和思考过程。\",\n  \"questionType\": \"project\",\n  \"sessionEnd\": false\n}','project',90.00,'回答非常出色，详细阐述了服务拆分、接口设计、工程化实践，并量化了成果（2k+ QPS，P99<50ms）。体现了扎实的架构设计能力和Golang工程经验。建议可以更突出个人在技术决策和难点攻关中的具体行动和思考过程。',1775749783),
(55,15,'user','以下是一个符合面试场景的 **Golang 后端自我介绍示例**，可直接用于模拟面试：  ---  **面试官**：请先做一个简短的自我介绍，包括你的技术背景和主要工作经验。  **候选人**：   您好，我叫张明，有3年Golang后端开发经验。   技术栈上，我熟悉 Go 原生并发模型、gin/gRPC 框架、MySQL/PostgreSQL 以及 Redis 缓存。   上一份工作我主要负责公司订单中台的重构，用 Go 将原有 PHP 服务迁移为微服务架构，核心工作包括：   - 设计基于 `goroutine + channel` 的订单状态机，提升异步处理吞吐量30%   - 使用 `context` 超时控制 + `sync.Pool` 优化数据库连接池，降低 P99 延迟   - 接入 Jaeger 实现链路追踪，排查慢接口并优化了两次 GC 抖动问题   此外，我平时会阅读 Go 源码并输出技术博客。希望能加入贵团队，在高并发场景下继续沉淀工程能力。',NULL,NULL,NULL,1775750022),
(56,15,'assistant','{\n  \"question\": \"请详细介绍一下你的技术背景和项目经验，特别是你在订单中台重构项目中具体负责的模块和技术选型考量。\",\n  \"score\": 85,\n  \"feedback\": \"自我介绍结构清晰，技术栈明确，项目经验有具体数据支撑（如吞吐量提升30%），体现了较好的技术深度和成果量化意识。建议在后续回答中更详细地阐述技术决策背后的思考过程，例如为什么选择特定的框架或工具。\",\n  \"questionType\": \"self_intro\",\n  \"sessionEnd\": false\n}','self_intro',85.00,'自我介绍结构清晰，技术栈明确，项目经验有具体数据支撑（如吞吐量提升30%），体现了较好的技术深度和成果量化意识。建议在后续回答中更详细地阐述技术决策背后的思考过程，例如为什么选择特定的框架或工具。',1775750026),
(57,16,'user','以下是一个符合面试场景的 **Golang 后端自我介绍示例**，可直接用于模拟面试：  ---  **面试官**：请先做一个简短的自我介绍，包括你的技术背景和主要工作经验。  **候选人**：   您好，我叫张明，有3年Golang后端开发经验。   技术栈上，我熟悉 Go 原生并发模型、gin/gRPC 框架、MySQL/PostgreSQL 以及 Redis 缓存。   上一份工作我主要负责公司订单中台的重构，用 Go 将原有 PHP 服务迁移为微服务架构，核心工作包括：   - 设计基于 `goroutine + channel` 的订单状态机，提升异步处理吞吐量30%   - 使用 `context` 超时控制 + `sync.Pool` 优化数据库连接池，降低 P99 延迟   - 接入 Jaeger 实现链路追踪，排查慢接口并优化了两次 GC 抖动问题   此外，我平时会阅读 Go 源码并输出技术博客。希望能加入贵团队，在高并发场景下继续沉淀工程能力。',NULL,NULL,NULL,1775750039),
(58,16,'assistant','{\n  \"question\": \"请详细介绍一下你的技术背景和项目经验，特别是你在订单中台重构项目中扮演的具体角色和贡献。\",\n  \"score\": 85,\n  \"feedback\": \"自我介绍结构清晰，技术栈明确，项目经验有具体数据支撑，体现了技术深度和工程价值。建议可以更详细地说明你在项目中的具体职责和决策过程。\",\n  \"questionType\": \"self_intro\",\n  \"sessionEnd\": false\n}','self_intro',85.00,'自我介绍结构清晰，技术栈明确，项目经验有具体数据支撑，体现了技术深度和工程价值。建议可以更详细地说明你在项目中的具体职责和决策过程。',1775750042);
/*!40000 ALTER TABLE `interview_messages` ENABLE KEYS */;
UNLOCK TABLES;
COMMIT;
SET AUTOCOMMIT=@OLD_AUTOCOMMIT;

--
-- Table structure for table `interview_reports`
--

DROP TABLE IF EXISTS `interview_reports`;
/*!40101 SET @saved_cs_client     = @@character_set_client */;
/*!40101 SET character_set_client = utf8mb4 */;
CREATE TABLE `interview_reports` (
  `id` bigint(20) NOT NULL AUTO_INCREMENT COMMENT '报告ID',
  `session_id` bigint(20) NOT NULL COMMENT '会话ID，关联interview_sessions表',
  `user_id` bigint(20) NOT NULL COMMENT '用户ID',
  `overall_score` decimal(5,2) NOT NULL COMMENT '综合评分',
  `skill_score` decimal(5,2) DEFAULT NULL COMMENT '技能评分',
  `communication_score` decimal(5,2) DEFAULT NULL COMMENT '沟通能力评分',
  `logic_score` decimal(5,2) DEFAULT NULL COMMENT '逻辑思维评分',
  `confidence_score` decimal(5,2) DEFAULT NULL COMMENT '自信程度评分',
  `strengths` longtext CHARACTER SET utf8mb4 COLLATE utf8mb4_bin DEFAULT NULL COMMENT '优势分析' CHECK (json_valid(`strengths`)),
  `weaknesses` longtext CHARACTER SET utf8mb4 COLLATE utf8mb4_bin DEFAULT NULL COMMENT '劣势分析' CHECK (json_valid(`weaknesses`)),
  `improvement_suggestions` longtext CHARACTER SET utf8mb4 COLLATE utf8mb4_bin DEFAULT NULL COMMENT '改进建议' CHECK (json_valid(`improvement_suggestions`)),
  `summary` text DEFAULT NULL COMMENT '总结',
  `created_at` bigint(20) NOT NULL COMMENT '创建时间',
  `updated_at` bigint(20) NOT NULL COMMENT '更新时间',
  PRIMARY KEY (`id`),
  UNIQUE KEY `idx_session` (`session_id`),
  KEY `idx_user` (`user_id`),
  KEY `idx_score` (`overall_score`),
  KEY `idx_user_score` (`user_id`,`overall_score` DESC),
  CONSTRAINT `fk_interview_report_session` FOREIGN KEY (`session_id`) REFERENCES `interview_sessions` (`id`) ON DELETE CASCADE,
  CONSTRAINT `fk_interview_report_user` FOREIGN KEY (`user_id`) REFERENCES `users` (`id`) ON DELETE CASCADE
) ENGINE=InnoDB AUTO_INCREMENT=13 DEFAULT CHARSET=utf8mb4 COLLATE=utf8mb4_uca1400_ai_ci COMMENT='面试评估报告表';
/*!40101 SET character_set_client = @saved_cs_client */;

--
-- Dumping data for table `interview_reports`
--

SET @OLD_AUTOCOMMIT=@@AUTOCOMMIT, @@AUTOCOMMIT=0;
LOCK TABLES `interview_reports` WRITE;
/*!40000 ALTER TABLE `interview_reports` DISABLE KEYS */;
INSERT INTO `interview_reports` VALUES
(1,1,10,32.00,32.00,30.40,31.36,29.44,'[\"技术基础扎实\", \"表达能力清晰\", \"项目经验丰富\"]','[\"缺乏量化数据\", \"可以更主动提问\", \"需要更深入的技术细节\"]','[\"在回答中增加具体的数据和成果\", \"准备更多项目细节\", \"提升面试沟通技巧\", \"多进行模拟面试练习\"]','整体表现需要改进，技术能力和项目经验都符合岗位要求。建议在面试中更加注重量化成果的展示，提升沟通的主动性。',1775744564,1775744564),
(2,2,10,86.75,86.75,82.41,85.02,79.81,'[\"技术基础扎实\", \"表达能力清晰\", \"项目经验丰富\"]','[\"缺乏量化数据\", \"可以更主动提问\", \"需要更深入的技术细节\"]','[\"在回答中增加具体的数据和成果\", \"准备更多项目细节\", \"提升面试沟通技巧\", \"多进行模拟面试练习\"]','整体表现良好，技术能力和项目经验都符合岗位要求。建议在面试中更加注重量化成果的展示，提升沟通的主动性。',1775744564,1775744564),
(3,4,10,86.67,86.67,82.34,84.94,79.74,'[\"技术基础扎实\", \"表达能力清晰\", \"项目经验丰富\"]','[\"缺乏量化数据\", \"可以更主动提问\", \"需要更深入的技术细节\"]','[\"在回答中增加具体的数据和成果\", \"准备更多项目细节\", \"提升面试沟通技巧\", \"多进行模拟面试练习\"]','整体表现良好，技术能力和项目经验都符合岗位要求。建议在面试中更加注重量化成果的展示，提升沟通的主动性。',1775745095,1775745095),
(4,6,10,87.33,87.33,82.96,85.58,80.34,'[\"技术基础扎实\", \"表达能力清晰\", \"项目经验丰富\"]','[\"缺乏量化数据\", \"可以更主动提问\", \"需要更深入的技术细节\"]','[\"在回答中增加具体的数据和成果\", \"准备更多项目细节\", \"提升面试沟通技巧\", \"多进行模拟面试练习\"]','整体表现良好，技术能力和项目经验都符合岗位要求。建议在面试中更加注重量化成果的展示，提升沟通的主动性。',1775745288,1775745288),
(5,8,10,85.00,85.00,80.75,83.30,78.20,'[\"技术基础扎实\", \"表达能力清晰\", \"项目经验丰富\"]','[\"缺乏量化数据\", \"可以更主动提问\", \"需要更深入的技术细节\"]','[\"在回答中增加具体的数据和成果\", \"准备更多项目细节\", \"提升面试沟通技巧\", \"多进行模拟面试练习\"]','整体表现良好，技术能力和项目经验都符合岗位要求。建议在面试中更加注重量化成果的展示，提升沟通的主动性。',1775745920,1775745920),
(6,3,10,0.00,0.00,0.00,0.00,0.00,'[\"技术基础扎实\",\"表达能力清晰\",\"项目经验丰富\"]','[\"缺乏量化数据\",\"可以更主动提问\",\"需要更深入的技术细节\"]','[\"在回答中增加具体的数据和成果\",\"准备更多项目细节\",\"提升面试沟通技巧\",\"多进行模拟面试练习\"]','整体表现需要改进，技术能力和项目经验都符合岗位要求。建议在面试中更加注重量化成果的展示，提升沟通的主动性。',1775747487,1775747487),
(7,5,10,0.00,0.00,0.00,0.00,0.00,'[\"技术基础扎实\",\"表达能力清晰\",\"项目经验丰富\"]','[\"缺乏量化数据\",\"可以更主动提问\",\"需要更深入的技术细节\"]','[\"在回答中增加具体的数据和成果\",\"准备更多项目细节\",\"提升面试沟通技巧\",\"多进行模拟面试练习\"]','整体表现需要改进，技术能力和项目经验都符合岗位要求。建议在面试中更加注重量化成果的展示，提升沟通的主动性。',1775747487,1775747487),
(8,7,10,0.00,0.00,0.00,0.00,0.00,'[\"技术基础扎实\",\"表达能力清晰\",\"项目经验丰富\"]','[\"缺乏量化数据\",\"可以更主动提问\",\"需要更深入的技术细节\"]','[\"在回答中增加具体的数据和成果\",\"准备更多项目细节\",\"提升面试沟通技巧\",\"多进行模拟面试练习\"]','整体表现需要改进，技术能力和项目经验都符合岗位要求。建议在面试中更加注重量化成果的展示，提升沟通的主动性。',1775747487,1775747487),
(9,9,16,92.25,92.25,87.64,90.41,84.87,'[\"技术基础扎实\",\"表达能力清晰\",\"项目经验丰富\"]','[\"缺乏量化数据\",\"可以更主动提问\",\"需要更深入的技术细节\"]','[\"在回答中增加具体的数据和成果\",\"准备更多项目细节\",\"提升面试沟通技巧\",\"多进行模拟面试练习\"]','整体表现优秀，技术能力和项目经验都符合岗位要求。建议在面试中更加注重量化成果的展示，提升沟通的主动性。',1775747487,1775747487),
(10,10,16,92.57,92.57,87.94,90.72,85.16,'[\"技术基础扎实\", \"表达能力清晰\", \"项目经验丰富\"]','[\"缺乏量化数据\", \"可以更主动提问\", \"需要更深入的技术细节\"]','[\"在回答中增加具体的数据和成果\", \"准备更多项目细节\", \"提升面试沟通技巧\", \"多进行模拟面试练习\"]','整体表现优秀，技术能力和项目经验都符合岗位要求。建议在面试中更加注重量化成果的展示，提升沟通的主动性。',1775747569,1775747569),
(11,11,16,0.00,0.00,0.00,0.00,0.00,'[\"技术基础扎实\", \"表达能力清晰\", \"项目经验丰富\"]','[\"缺乏量化数据\", \"可以更主动提问\", \"需要更深入的技术细节\"]','[\"在回答中增加具体的数据和成果\", \"准备更多项目细节\", \"提升面试沟通技巧\", \"多进行模拟面试练习\"]','整体表现需要改进，技术能力和项目经验都符合岗位要求。建议在面试中更加注重量化成果的展示，提升沟通的主动性。',1775747987,1775747987),
(12,16,10,85.00,85.00,80.75,83.30,78.20,'[\"技术基础扎实\", \"表达能力清晰\", \"项目经验丰富\"]','[\"缺乏量化数据\", \"可以更主动提问\", \"需要更深入的技术细节\"]','[\"在回答中增加具体的数据和成果\", \"准备更多项目细节\", \"提升面试沟通技巧\", \"多进行模拟面试练习\"]','整体表现良好，技术能力和项目经验都符合岗位要求。建议在面试中更加注重量化成果的展示，提升沟通的主动性。',1775750044,1775750044);
/*!40000 ALTER TABLE `interview_reports` ENABLE KEYS */;
UNLOCK TABLES;
COMMIT;
SET AUTOCOMMIT=@OLD_AUTOCOMMIT;

--
-- Table structure for table `interview_sessions`
--

DROP TABLE IF EXISTS `interview_sessions`;
/*!40101 SET @saved_cs_client     = @@character_set_client */;
/*!40101 SET character_set_client = utf8mb4 */;
CREATE TABLE `interview_sessions` (
  `id` bigint(20) NOT NULL AUTO_INCREMENT COMMENT '面试会话ID',
  `user_id` bigint(20) NOT NULL COMMENT '用户ID，关联users表',
  `student_id` bigint(20) DEFAULT NULL COMMENT '学生ID，关联students表',
  `mode` varchar(50) NOT NULL COMMENT '面试模式：practice-练习模式, assessment-评估模式',
  `status` varchar(50) NOT NULL DEFAULT 'running' COMMENT '状态：running-进行中, completed-已完成, cancelled-已取消',
  `total_questions` int(11) DEFAULT 0 COMMENT '总问题数',
  `current_question` int(11) DEFAULT 0 COMMENT '当前问题序号',
  `average_score` decimal(5,2) DEFAULT 0.00 COMMENT '平均分数',
  `max_score` decimal(5,2) DEFAULT 0.00 COMMENT '最高分数',
  `min_score` decimal(5,2) DEFAULT 0.00 COMMENT '最低分数',
  `duration_seconds` int(11) DEFAULT 0 COMMENT '面试时长（秒）',
  `created_at` bigint(20) NOT NULL COMMENT '创建时间',
  `updated_at` bigint(20) NOT NULL COMMENT '更新时间',
  `completed_at` bigint(20) DEFAULT NULL COMMENT '完成时间',
  PRIMARY KEY (`id`),
  KEY `idx_user` (`user_id`),
  KEY `idx_student` (`student_id`),
  KEY `idx_status` (`status`),
  KEY `idx_created` (`created_at`),
  KEY `idx_user_status` (`user_id`,`status`),
  KEY `idx_interview_sessions_created_desc` (`created_at` DESC),
  CONSTRAINT `fk_interview_student` FOREIGN KEY (`student_id`) REFERENCES `students` (`id`) ON DELETE SET NULL,
  CONSTRAINT `fk_interview_user` FOREIGN KEY (`user_id`) REFERENCES `users` (`id`) ON DELETE CASCADE
) ENGINE=InnoDB AUTO_INCREMENT=17 DEFAULT CHARSET=utf8mb4 COLLATE=utf8mb4_uca1400_ai_ci COMMENT='面试会话表';
/*!40101 SET character_set_client = @saved_cs_client */;

--
-- Dumping data for table `interview_sessions`
--

SET @OLD_AUTOCOMMIT=@@AUTOCOMMIT, @@AUTOCOMMIT=0;
LOCK TABLES `interview_sessions` WRITE;
/*!40000 ALTER TABLE `interview_sessions` DISABLE KEYS */;
INSERT INTO `interview_sessions` VALUES
(1,10,NULL,'assessment','completed',0,4,32.00,40.00,0.00,1010,1775742826,1775743836,1775743836),
(2,10,NULL,'practice','completed',0,3,86.75,92.00,85.00,506,1775743845,1775744351,1775744351),
(3,10,NULL,'practice','completed',0,0,0.00,0.00,0.00,149,1775744568,1775744717,1775744717),
(4,10,NULL,'practice','completed',0,2,86.67,90.00,85.00,73,1775744725,1775744798,1775744798),
(5,10,NULL,'practice','completed',0,0,0.00,0.00,0.00,24,1775744845,1775744869,1775744869),
(6,10,NULL,'practice','completed',0,2,87.33,92.00,85.00,55,1775745233,1775745288,1775745288),
(7,10,NULL,'practice','completed',0,0,0.00,0.00,0.00,3,1775745330,1775745333,1775745333),
(8,10,NULL,'practice','completed',0,1,85.00,85.00,85.00,207,1775745713,1775745920,1775745920),
(9,16,NULL,'practice','completed',0,7,92.25,98.00,85.00,560,1775746193,1775746753,1775746753),
(10,16,NULL,'practice','completed',0,6,92.57,98.00,85.00,374,1775747195,1775747569,1775747569),
(11,16,NULL,'practice','completed',0,0,0.00,0.00,0.00,322,1775747665,1775747987,1775747987),
(12,16,NULL,'practice','completed',0,0,0.00,0.00,0.00,4,1775747999,1775748003,1775748003),
(13,10,NULL,'practice','completed',0,0,0.00,0.00,0.00,9,1775749475,1775749484,1775749484),
(14,10,NULL,'practice','completed',0,2,86.67,90.00,85.00,75,1775749715,1775749790,1775749790),
(15,10,NULL,'practice','cancelled',0,1,0.00,85.00,85.00,18,1775750011,1775750029,1775750029),
(16,10,NULL,'practice','completed',0,1,85.00,85.00,85.00,9,1775750035,1775750044,1775750044);
/*!40000 ALTER TABLE `interview_sessions` ENABLE KEYS */;
UNLOCK TABLES;
COMMIT;
SET AUTOCOMMIT=@OLD_AUTOCOMMIT;

--
-- Table structure for table `job_promotion_paths`
--

DROP TABLE IF EXISTS `job_promotion_paths`;
/*!40101 SET @saved_cs_client     = @@character_set_client */;
/*!40101 SET character_set_client = utf8mb4 */;
CREATE TABLE `job_promotion_paths` (
  `id` bigint(20) NOT NULL AUTO_INCREMENT,
  `from_job_id` bigint(20) NOT NULL,
  `to_job_id` bigint(20) NOT NULL,
  `match_score` float DEFAULT NULL,
  `transfer_skills` longtext CHARACTER SET utf8mb4 COLLATE utf8mb4_bin DEFAULT NULL CHECK (json_valid(`transfer_skills`)),
  `learning_path` longtext CHARACTER SET utf8mb4 COLLATE utf8mb4_bin DEFAULT NULL CHECK (json_valid(`learning_path`)),
  PRIMARY KEY (`id`),
  KEY `idx_from_job` (`from_job_id`)
) ENGINE=InnoDB DEFAULT CHARSET=utf8mb4 COLLATE=utf8mb4_uca1400_ai_ci;
/*!40101 SET character_set_client = @saved_cs_client */;

--
-- Dumping data for table `job_promotion_paths`
--

SET @OLD_AUTOCOMMIT=@@AUTOCOMMIT, @@AUTOCOMMIT=0;
LOCK TABLES `job_promotion_paths` WRITE;
/*!40000 ALTER TABLE `job_promotion_paths` DISABLE KEYS */;
/*!40000 ALTER TABLE `job_promotion_paths` ENABLE KEYS */;
UNLOCK TABLES;
COMMIT;
SET AUTOCOMMIT=@OLD_AUTOCOMMIT;

--
-- Table structure for table `jobs`
--

DROP TABLE IF EXISTS `jobs`;
/*!40101 SET @saved_cs_client     = @@character_set_client */;
/*!40101 SET character_set_client = utf8mb4 */;
CREATE TABLE `jobs` (
  `id` bigint(20) NOT NULL AUTO_INCREMENT,
  `name` varchar(100) NOT NULL,
  `description` text DEFAULT NULL,
  `company` varchar(100) DEFAULT NULL,
  `industry` varchar(50) DEFAULT NULL,
  `location` varchar(100) DEFAULT NULL,
  `salary_range` varchar(50) DEFAULT NULL,
  `skills` longtext CHARACTER SET utf8mb4 COLLATE utf8mb4_bin DEFAULT NULL CHECK (json_valid(`skills`)),
  `certificates` longtext CHARACTER SET utf8mb4 COLLATE utf8mb4_bin DEFAULT NULL CHECK (json_valid(`certificates`)),
  `soft_skills` longtext CHARACTER SET utf8mb4 COLLATE utf8mb4_bin DEFAULT NULL CHECK (json_valid(`soft_skills`)),
  `requirements` longtext CHARACTER SET utf8mb4 COLLATE utf8mb4_bin DEFAULT NULL CHECK (json_valid(`requirements`)),
  `growth_potential` varchar(255) DEFAULT NULL,
  `created_at` bigint(20) NOT NULL,
  `updated_at` bigint(20) NOT NULL,
  PRIMARY KEY (`id`),
  KEY `idx_industry` (`industry`),
  KEY `idx_name` (`name`)
) ENGINE=InnoDB DEFAULT CHARSET=utf8mb4 COLLATE=utf8mb4_uca1400_ai_ci;
/*!40101 SET character_set_client = @saved_cs_client */;

--
-- Dumping data for table `jobs`
--

SET @OLD_AUTOCOMMIT=@@AUTOCOMMIT, @@AUTOCOMMIT=0;
LOCK TABLES `jobs` WRITE;
/*!40000 ALTER TABLE `jobs` DISABLE KEYS */;
/*!40000 ALTER TABLE `jobs` ENABLE KEYS */;
UNLOCK TABLES;
COMMIT;
SET AUTOCOMMIT=@OLD_AUTOCOMMIT;

--
-- Table structure for table `match_records`
--

DROP TABLE IF EXISTS `match_records`;
/*!40101 SET @saved_cs_client     = @@character_set_client */;
/*!40101 SET character_set_client = utf8mb4 */;
CREATE TABLE `match_records` (
  `id` bigint(20) NOT NULL AUTO_INCREMENT,
  `student_id` bigint(20) NOT NULL,
  `job_id` bigint(20) NOT NULL,
  `overall_score` float DEFAULT NULL,
  `skills_match` float DEFAULT NULL,
  `certs_match` float DEFAULT NULL,
  `soft_skills_match` float DEFAULT NULL,
  `experience_match` float DEFAULT NULL,
  `gap_analysis` longtext CHARACTER SET utf8mb4 COLLATE utf8mb4_bin DEFAULT NULL CHECK (json_valid(`gap_analysis`)),
  `created_at` bigint(20) NOT NULL,
  PRIMARY KEY (`id`),
  KEY `idx_student` (`student_id`),
  KEY `idx_job` (`job_id`),
  KEY `idx_score` (`overall_score`)
) ENGINE=InnoDB DEFAULT CHARSET=utf8mb4 COLLATE=utf8mb4_uca1400_ai_ci;
/*!40101 SET character_set_client = @saved_cs_client */;

--
-- Dumping data for table `match_records`
--

SET @OLD_AUTOCOMMIT=@@AUTOCOMMIT, @@AUTOCOMMIT=0;
LOCK TABLES `match_records` WRITE;
/*!40000 ALTER TABLE `match_records` DISABLE KEYS */;
/*!40000 ALTER TABLE `match_records` ENABLE KEYS */;
UNLOCK TABLES;
COMMIT;
SET AUTOCOMMIT=@OLD_AUTOCOMMIT;

--
-- Table structure for table `resume_parse_history`
--

DROP TABLE IF EXISTS `resume_parse_history`;
/*!40101 SET @saved_cs_client     = @@character_set_client */;
/*!40101 SET character_set_client = utf8mb4 */;
CREATE TABLE `resume_parse_history` (
  `id` bigint(20) NOT NULL AUTO_INCREMENT,
  `user_id` bigint(20) NOT NULL,
  `student_id` bigint(20) DEFAULT NULL COMMENT '关联的学生档案ID（可选）',
  `resume_file_name` varchar(255) DEFAULT NULL COMMENT '上传的简历文件名',
  `resume_content` text DEFAULT NULL COMMENT '原始简历文本内容',
  `parsed_profile` longtext CHARACTER SET utf8mb4 COLLATE utf8mb4_bin DEFAULT NULL COMMENT '解析后的学生档案' CHECK (json_valid(`parsed_profile`)),
  `suggestions` longtext CHARACTER SET utf8mb4 COLLATE utf8mb4_bin DEFAULT NULL COMMENT '简历优化建议' CHECK (json_valid(`suggestions`)),
  `completeness_score` float DEFAULT 0 COMMENT '完整度评分',
  `competitiveness_score` float DEFAULT 0 COMMENT '竞争力评分',
  `created_at` bigint(20) NOT NULL COMMENT '创建时间戳',
  PRIMARY KEY (`id`),
  KEY `idx_user` (`user_id`),
  KEY `idx_student` (`student_id`),
  KEY `idx_created` (`created_at`)
) ENGINE=InnoDB AUTO_INCREMENT=2 DEFAULT CHARSET=utf8mb4 COLLATE=utf8mb4_uca1400_ai_ci COMMENT='简历解析历史记录';
/*!40101 SET character_set_client = @saved_cs_client */;

--
-- Dumping data for table `resume_parse_history`
--

SET @OLD_AUTOCOMMIT=@@AUTOCOMMIT, @@AUTOCOMMIT=0;
LOCK TABLES `resume_parse_history` WRITE;
/*!40000 ALTER TABLE `resume_parse_history` DISABLE KEYS */;
INSERT INTO `resume_parse_history` VALUES
(1,10,NULL,'黑白设计通用国际贸易财务会计专业简历.docx','简小历 简小历 出生年月：20 06 . 8 手机：180 0000 1108 工作年限：应届毕业生（0年） 邮箱： jianlixiazai.cn 求职意向： Golang 软件开发岗 地址：广东省珠海市区 教育背景 教育背景 20 24 .XX – 20 28 .XX 浙江师范 大学 软件工程 专业 / 本科 主修课程 Golang 程序设计，rust 程序设计 , 现代web开发，云原生开发，操作系统 实习经历 实习经历 20 24 .XX – 20 25 .XX 分布式博客系统 工作描述 基于 Golang + Gin 框架开发后端服务，设计并实现用户认证、文章发布、评论管理等核心模块，结合 JWT 完成身份鉴权； 使用 GORM 实现 MySQL 数据库交互，优化慢查询，提升接口响应效率； 基于 Redis 实现缓存层，降低数据库访问压力，并利用 RabbitMQ 处理异步任务，提升系统吞吐能力。 20 25 .XX – 20 26 .XX 云原生微服务 Demo 工作描述 基于 Go Kit 构建微服务架构，实现服务注册与发现（Consul）、负载均衡及熔断机制； 使用 Docker 容器化部署服务，编写 docker-compose 编排多服务环境； 引入 Prometheus + Grafana 进行服务监控，搭建基础可观测性体系 个人技能 个人技能 语言能力：英语通过 4 ,6 级考试，口语流利、普通话：流利 计算机能力：熟悉 Golang 编程、Git 协作流程，熟练使用 Linux 常用命令及 Docker 容器化工具 荣誉证书：校奖学金、软件工程专业课程优秀项目奖 个人评价 个人评价 积极主动，热爱技术，对 Golang 及云原生生态有浓厚兴趣。在校期间系统学习 Golang 程序设计、云原生开发等课程，并独立完成多个 Go 项目，具备良好的编码习惯与问题排查能力。乐于钻研源码与新技术，适应团队协作，善于沟通，致力于在 Golang 后端开发方向持续深耕','{\"id\":1774617627229468573,\"userId\":10,\"name\":\"简小历\",\"education\":\"bachelor\",\"major\":\"软件工程\",\"graduationYear\":2028,\"skills\":[{\"name\":\"Golang\",\"level\":85,\"years\":2},{\"name\":\"Gin\",\"level\":80,\"years\":1},{\"name\":\"GORM\",\"level\":75,\"years\":1},{\"name\":\"MySQL\",\"level\":75,\"years\":1},{\"name\":\"Redis\",\"level\":70,\"years\":1},{\"name\":\"RabbitMQ\",\"level\":65,\"years\":1},{\"name\":\"Go Kit\",\"level\":70,\"years\":1},{\"name\":\"Consul\",\"level\":65,\"years\":1},{\"name\":\"Docker\",\"level\":75,\"years\":1},{\"name\":\"Prometheus\",\"level\":60,\"years\":1},{\"name\":\"Grafana\",\"level\":60,\"years\":1},{\"name\":\"Linux\",\"level\":70,\"years\":2},{\"name\":\"Git\",\"level\":80,\"years\":2},{\"name\":\"Rust\",\"level\":60,\"years\":1}],\"certificates\":[{\"name\":\"大学英语四级\",\"level\":\"通过\",\"year\":0},{\"name\":\"大学英语六级\",\"level\":\"通过\",\"year\":0},{\"name\":\"校奖学金\",\"level\":\"校级\",\"year\":0},{\"name\":\"软件工程专业课程优秀项目奖\",\"level\":\"院级\",\"year\":0}],\"softSkills\":{\"innovation\":75,\"learning\":85,\"pressure\":70,\"communication\":75,\"teamwork\":80},\"internship\":[],\"projects\":[{\"name\":\"分布式博客系统\",\"role\":\"开发者\",\"description\":\"基于 Golang + Gin 框架开发后端服务，设计并实现用户认证、文章发布、评论管理等核心模块，结合 JWT 完成身份鉴权；使用 GORM 实现 MySQL 数据库交互，优化慢查询，提升接口响应效率；基于 Redis 实现缓存层，降低数据库访问压力，并利用 RabbitMQ 处理异步任务，提升系统吞吐能力。\",\"technologies\":[\"Golang\",\"Gin\",\"JWT\",\"GORM\",\"MySQL\",\"Redis\",\"RabbitMQ\"]},{\"name\":\"云原生微服务 Demo\",\"role\":\"开发者\",\"description\":\"基于 Go Kit 构建微服务架构，实现服务注册与发现（Consul）、负载均衡及熔断机制；使用 Docker 容器化部署服务，编写 docker-compose 编排多服务环境；引入 Prometheus + Grafana 进行服务监控，搭建基础可观测性体系。\",\"technologies\":[\"Go Kit\",\"Consul\",\"Docker\",\"docker-compose\",\"Prometheus\",\"Grafana\"]}],\"completeness\":70,\"competitiveness\":75,\"suggestions\":[\"内容方面：简历中‘实习经历’部分标题下实际描述的是项目经历，建议将‘分布式博客系统’和‘云原生微服务 Demo’移至‘项目经历’部分，并补充真实的公司实习经历，包括公司名称、职位、时长和具体工作内容，这是求职Golang开发岗的重要加分项。\",\"格式方面：优化简历结构，明确区分‘实习经历’与‘项目经历’。当前‘实习经历’标题下的内容应归类为项目。同时，建议将‘个人评价’内容提炼为更简洁、更具针对性的‘专业技能总结’或‘求职意向陈述’，并置于简历前部。\",\"技能方面：建议在技能描述中量化成果，例如在项目描述中补充性能提升的具体数据（如‘接口响应时间降低XX%’）。同时，可以补充对Kubernetes、CI/CD等云原生核心技术的了解或学习计划，以增强竞争力。\",\"表达方面：提升描述的清晰度和专业性。例如，‘工作描述’应改为‘项目描述’或‘职责描述’。‘个人技能’部分可将‘计算机能力’细分为‘编程语言’、‘开发框架’、‘数据库’、‘工具’等类别，使技能展示更结构化。\"],\"createdAt\":1774617627,\"updatedAt\":1774617627}','[\"内容方面：简历中‘实习经历’部分标题下实际描述的是项目经历，建议将‘分布式博客系统’和‘云原生微服务 Demo’移至‘项目经历’部分，并补充真实的公司实习经历，包括公司名称、职位、时长和具体工作内容，这是求职Golang开发岗的重要加分项。\",\"格式方面：优化简历结构，明确区分‘实习经历’与‘项目经历’。当前‘实习经历’标题下的内容应归类为项目。同时，建议将‘个人评价’内容提炼为更简洁、更具针对性的‘专业技能总结’或‘求职意向陈述’，并置于简历前部。\",\"技能方面：建议在技能描述中量化成果，例如在项目描述中补充性能提升的具体数据（如‘接口响应时间降低XX%’）。同时，可以补充对Kubernetes、CI/CD等云原生核心技术的了解或学习计划，以增强竞争力。\",\"表达方面：提升描述的清晰度和专业性。例如，‘工作描述’应改为‘项目描述’或‘职责描述’。‘个人技能’部分可将‘计算机能力’细分为‘编程语言’、‘开发框架’、‘数据库’、‘工具’等类别，使技能展示更结构化。\"]',70,75,1774617627);
/*!40000 ALTER TABLE `resume_parse_history` ENABLE KEYS */;
UNLOCK TABLES;
COMMIT;
SET AUTOCOMMIT=@OLD_AUTOCOMMIT;

--
-- Table structure for table `students`
--

DROP TABLE IF EXISTS `students`;
/*!40101 SET @saved_cs_client     = @@character_set_client */;
/*!40101 SET character_set_client = utf8mb4 */;
CREATE TABLE `students` (
  `id` bigint(20) NOT NULL AUTO_INCREMENT,
  `user_id` bigint(20) NOT NULL,
  `name` varchar(50) NOT NULL,
  `education` varchar(50) DEFAULT NULL,
  `major` varchar(100) DEFAULT NULL,
  `graduation_year` int(11) DEFAULT NULL,
  `skills` longtext CHARACTER SET utf8mb4 COLLATE utf8mb4_bin DEFAULT NULL CHECK (json_valid(`skills`)),
  `certificates` longtext CHARACTER SET utf8mb4 COLLATE utf8mb4_bin DEFAULT NULL CHECK (json_valid(`certificates`)),
  `soft_skills` longtext CHARACTER SET utf8mb4 COLLATE utf8mb4_bin DEFAULT NULL CHECK (json_valid(`soft_skills`)),
  `internship` longtext CHARACTER SET utf8mb4 COLLATE utf8mb4_bin DEFAULT NULL CHECK (json_valid(`internship`)),
  `projects` longtext CHARACTER SET utf8mb4 COLLATE utf8mb4_bin DEFAULT NULL CHECK (json_valid(`projects`)),
  `completeness_score` float DEFAULT 0,
  `competitiveness_score` float DEFAULT 0,
  `resume_url` varchar(255) DEFAULT NULL,
  `created_at` bigint(20) NOT NULL,
  `updated_at` bigint(20) NOT NULL,
  `suggestions` longtext CHARACTER SET utf8mb4 COLLATE utf8mb4_bin DEFAULT NULL COMMENT '简历优化建议' CHECK (json_valid(`suggestions`)),
  `resume_content` text DEFAULT NULL COMMENT '原始简历文本内容',
  PRIMARY KEY (`id`),
  KEY `idx_user` (`user_id`),
  KEY `idx_major` (`major`)
) ENGINE=InnoDB AUTO_INCREMENT=4 DEFAULT CHARSET=utf8mb4 COLLATE=utf8mb4_uca1400_ai_ci;
/*!40101 SET character_set_client = @saved_cs_client */;

--
-- Dumping data for table `students`
--

SET @OLD_AUTOCOMMIT=@@AUTOCOMMIT, @@AUTOCOMMIT=0;
LOCK TABLES `students` WRITE;
/*!40000 ALTER TABLE `students` DISABLE KEYS */;
INSERT INTO `students` VALUES
(1,8,'李四','bachelor','软件工程',2025,'[{\"name\":\"React\",\"level\":85,\"years\":2},{\"name\":\"Node.js\",\"level\":75,\"years\":1}]','[{\"name\":\"CET-6\",\"level\":\"优秀\",\"year\":2023}]','{\"innovation\":80,\"learning\":85,\"pressure\":75,\"communication\":90,\"teamwork\":85}',NULL,NULL,71.4286,50,NULL,1774511904,1774511904,NULL,NULL),
(2,10,'简小历','bachelor','软件工程',2028,'[{\"name\":\"Golang\",\"level\":85,\"years\":2},{\"name\":\"Gin\",\"level\":80,\"years\":1},{\"name\":\"GORM\",\"level\":75,\"years\":1},{\"name\":\"MySQL\",\"level\":75,\"years\":1},{\"name\":\"Redis\",\"level\":70,\"years\":1},{\"name\":\"RabbitMQ\",\"level\":65,\"years\":1},{\"name\":\"Go Kit\",\"level\":70,\"years\":1},{\"name\":\"Consul\",\"level\":65,\"years\":1},{\"name\":\"Docker\",\"level\":75,\"years\":1},{\"name\":\"Prometheus\",\"level\":60,\"years\":1},{\"name\":\"Grafana\",\"level\":60,\"years\":1},{\"name\":\"Linux\",\"level\":70,\"years\":2},{\"name\":\"Git\",\"level\":80,\"years\":2},{\"name\":\"Rust\",\"level\":60,\"years\":1}]','[{\"name\":\"大学英语四级\",\"level\":\"通过\",\"year\":2026},{\"name\":\"大学英语六级\",\"level\":\"通过\",\"year\":2026},{\"name\":\"校奖学金\",\"level\":\"校级\",\"year\":2026},{\"name\":\"软件工程专业课程优秀项目奖\",\"level\":\"院级\",\"year\":2026}]','{\"innovation\":75,\"learning\":85,\"pressure\":70,\"communication\":75,\"teamwork\":80}','[{\"company\":\"114\",\"position\":\"514\",\"duration\":1919,\"description\":\"810\"}]','[{\"name\":\"分布式博客系统\",\"role\":\"开发者\",\"description\":\"基于 Golang + Gin 框架开发后端服务，设计并实现用户认证、文章发布、评论管理等核心模块，结合 JWT 完成身份鉴权；使用 GORM 实现 MySQL 数据库交互，优化慢查询，提升接口响应效率；基于 Redis 实现缓存层，降低数据库访问压力，并利用 RabbitMQ 处理异步任务，提升系统吞吐能力。\",\"technologies\":[\"Golang\",\"Gin\",\"JWT\",\"GORM\",\"MySQL\",\"Redis\",\"RabbitMQ\"]},{\"name\":\"云原生微服务 Demo\",\"role\":\"开发者\",\"description\":\"基于 Go Kit 构建微服务架构，实现服务注册与发现（Consul）、负载均衡及熔断机制；使用 Docker 容器化部署服务，编写 docker-compose 编排多服务环境；引入 Prometheus + Grafana 进行服务监控，搭建基础可观测性体系。\",\"technologies\":[\"Go Kit\",\"Consul\",\"Docker\",\"docker-compose\",\"Prometheus\",\"Grafana\"]}]',100,70,NULL,1774594289,1774594289,NULL,NULL),
(3,10,'111','bachelor','514',2024,'[{\"name\":\"1919\",\"level\":4,\"years\":1}]',NULL,'{\"innovation\":5,\"learning\":5,\"pressure\":5,\"communication\":5,\"teamwork\":5}',NULL,NULL,57.1429,50,NULL,1774594293,1774594293,NULL,NULL);
/*!40000 ALTER TABLE `students` ENABLE KEYS */;
UNLOCK TABLES;
COMMIT;
SET AUTOCOMMIT=@OLD_AUTOCOMMIT;

--
-- Table structure for table `users`
--

DROP TABLE IF EXISTS `users`;
/*!40101 SET @saved_cs_client     = @@character_set_client */;
/*!40101 SET character_set_client = utf8mb4 */;
CREATE TABLE `users` (
  `id` bigint(20) NOT NULL AUTO_INCREMENT,
  `username` varchar(50) NOT NULL,
  `password` varchar(255) NOT NULL,
  `email` varchar(100) NOT NULL,
  `phone` varchar(20) DEFAULT NULL,
  `role` varchar(20) DEFAULT 'user',
  `created_at` bigint(20) NOT NULL,
  `updated_at` bigint(20) NOT NULL,
  PRIMARY KEY (`id`),
  UNIQUE KEY `idx_username` (`username`),
  UNIQUE KEY `idx_email` (`email`)
) ENGINE=InnoDB AUTO_INCREMENT=17 DEFAULT CHARSET=utf8mb4 COLLATE=utf8mb4_uca1400_ai_ci;
/*!40101 SET character_set_client = @saved_cs_client */;

--
-- Dumping data for table `users`
--

SET @OLD_AUTOCOMMIT=@@AUTOCOMMIT, @@AUTOCOMMIT=0;
LOCK TABLES `users` WRITE;
/*!40000 ALTER TABLE `users` DISABLE KEYS */;
INSERT INTO `users` VALUES
(1,'testuser5','$2a$10$PiazUnlmMH9VlUoOra95OO3W8NtcmbZarg4t/RBWH/mbduyViDz1S','test5@example.com',NULL,'user',1774502784,1774502784),
(2,'testuser005','$2a$10$CSoK0LT9ps9WPmZJ0E4GWuTFri1Kvd/MqJXHzay2OgZj4f9.8k2Q.','test005@example.com','13800138005','user',1774505755,1774505755),
(3,'ab','$2a$10$D94H8pQsY/tjynlUSU5LGejJ/wqDaIoQaL5MGhGYKJ/cwgvEGmvAy','test006@example.com',NULL,'user',1774505999,1774505999),
(4,'testuser007','$2a$10$TQbeo9slTvNMOAyxoX4PKOb.rTv8Hm4qhLKnC.OHUGFaWjlMw5efK','invalid-email',NULL,'user',1774505999,1774505999),
(5,'testuser','$2a$10$VZZeYecNQiWNib7b61igLuTzym76wQwAPB/El6W3LmV6JsVHc.WUK','test@example.com','13800138000','user',1774507146,1774507146),
(6,'apitest123','$2a$10$I0x8OKtB0DFsyc2z5MxqLe4H2kC8b6FcdbfxIbUCWC8.jO9VoL7g2','apitest@example.com',NULL,'user',1774509659,1774509659),
(7,'testuser2','$2a$10$O2TeP8Fr2hg/1lkJi/0bJunw0xwjoLRworpgBJLnMwDNEGKGR1jmq','test2@example.com',NULL,'user',1774510365,1774510365),
(8,'testuser001','$2a$10$Nbrp2FKcCXQxh8Kjwobu7eqIX0b.QBLjnHoJ6QRzBMcwV3NVcx9Te','test001@example.com','13800138001','user',1774511086,1774511086),
(9,'testuser2026','$2a$10$/oSnDCZl/CBncYFlss2hZOciR3FKMPi18rjJ9vK6glAkqobh3rN0K','test2026@example.com',NULL,'user',1774541980,1774541980),
(10,'114514','$2a$10$7Exv6T6gUfl4qxb2GSJG.OT5Bt2aC2aNx3dqfjED4wHWTvV6k59QC','114514@114514.com',NULL,'user',1774572175,1774572175),
(11,'newuser','$2a$10$IqSIEPK8Pze8.aQr6SdZhel5DTW8/LUx5mOV5.llxlMEWTAKEqU4G','newuser@example.com',NULL,'user',1774572339,1774572339),
(12,'114515','$2a$10$JjGRUPL32Ofq77EECl8jO.43v55Nya5IoA2ehiAQsBr6Gx5sERone','114515@114515.com',NULL,'user',1774574007,1774574007),
(13,'202432110230','$2a$10$trNu1nRua4lzbLvS5Carcui2iNUF0JOCGc5smFn3/H3RevGS1wvlK','zhujian_20060818@qq.com','18974383500','user',1774585324,1774585324),
(14,'reporttest','$2a$10$VTSE9FkTpheGL5Wnxon8peCm0kPeANqCs5OHSQHXZZsdK6U.CMahe','reporttest@example.com',NULL,'user',1774601789,1774601789),
(15,'1919810','$2a$10$AvwGfM4i9JC//ROsRz7k2uvOs.oqCvWDq8s8k1DDO.rcSRDJFI5DK','1919810@1919810.com',NULL,'user',1774925983,1774925983),
(16,'666','$2a$10$Ynqt45HJF53Tb4QeJeHbW.Lf0zWsdjYmkXDH7Xba17VCw6nepJvxK','666@666.com','18974383500','user',1775746132,1775746132);
/*!40000 ALTER TABLE `users` ENABLE KEYS */;
UNLOCK TABLES;
COMMIT;
SET AUTOCOMMIT=@OLD_AUTOCOMMIT;
/*!40103 SET TIME_ZONE=@OLD_TIME_ZONE */;

/*!40101 SET SQL_MODE=@OLD_SQL_MODE */;
/*!40014 SET FOREIGN_KEY_CHECKS=@OLD_FOREIGN_KEY_CHECKS */;
/*!40014 SET UNIQUE_CHECKS=@OLD_UNIQUE_CHECKS */;
/*!40101 SET CHARACTER_SET_CLIENT=@OLD_CHARACTER_SET_CLIENT */;
/*!40101 SET CHARACTER_SET_RESULTS=@OLD_CHARACTER_SET_RESULTS */;
/*!40101 SET COLLATION_CONNECTION=@OLD_COLLATION_CONNECTION */;
/*M!100616 SET NOTE_VERBOSITY=@OLD_NOTE_VERBOSITY */;

-- Dump completed on 2026-04-10  0:09:32
